"EventGroup","ImpactType","value","geography","table"
"Beaverhead_MA","Direct",2880150.4227781,"Beaverhead County, MT (2024)","Impact"
"Beaverhead_MA","Indirect",1600705.82408225,"Beaverhead County, MT (2024)","Impact"
"Beaverhead_MA","Induced",399802.095186249,"Beaverhead County, MT (2024)","Impact"
"Gallatin","Indirect",518.730816779513,"Beaverhead County, MT (2024)","Impact"
"Gallatin","Induced",279.349457634299,"Beaverhead County, MT (2024)","Impact"
"Gallatin_MA","Indirect",5360.69132587305,"Beaverhead County, MT (2024)","Impact"
"Gallatin_MA","Induced",3086.25591345077,"Beaverhead County, MT (2024)","Impact"
"Glacier","Indirect",160.756148082709,"Beaverhead County, MT (2024)","Impact"
"Glacier","Induced",5.73345025339393,"Beaverhead County, MT (2024)","Impact"
"Lewis and Clark_MA","Induced",312.385828636629,"Beaverhead County, MT (2024)","Impact"
"Madison","Induced",209.929915552363,"Beaverhead County, MT (2024)","Impact"
"Missoula","Indirect",345.72722641149,"Beaverhead County, MT (2024)","Impact"
"Missoula","Induced",17.3610900059726,"Beaverhead County, MT (2024)","Impact"
"Missoula_MA","Indirect",6945.68125016134,"Beaverhead County, MT (2024)","Impact"
"Missoula_MA","Induced",1273.56298604308,"Beaverhead County, MT (2024)","Impact"
"Park","Indirect",113.059355559754,"Beaverhead County, MT (2024)","Impact"
"Park","Induced",40.484585319425,"Beaverhead County, MT (2024)","Impact"
"Park_MA","Indirect",3170.09004777404,"Beaverhead County, MT (2024)","Impact"
"Park_MA","Induced",1352.97718220765,"Beaverhead County, MT (2024)","Impact"
"Ravalli","Indirect",463.715965043312,"Beaverhead County, MT (2024)","Impact"
"Ravalli","Induced",35.0858214842536,"Beaverhead County, MT (2024)","Impact"
"Ravalli_MA","Indirect",3039.22946313584,"Beaverhead County, MT (2024)","Impact"
"Ravalli_MA","Induced",243.035492646979,"Beaverhead County, MT (2024)","Impact"
"Rest of MT","Indirect",350.071717276298,"Beaverhead County, MT (2024)","Impact"
"Rest of MT","Induced",102.707180370254,"Beaverhead County, MT (2024)","Impact"
"Silver Bow","Indirect",1073.10770078403,"Beaverhead County, MT (2024)","Impact"
"Silver Bow","Induced",204.992721502429,"Beaverhead County, MT (2024)","Impact"
"Silver Bow_MA","Indirect",248480.545529262,"Beaverhead County, MT (2024)","Impact"
"Silver Bow_MA","Induced",46646.1514260497,"Beaverhead County, MT (2024)","Impact"
"Beaverhead_MA","Indirect",1381.73831343253,"Cascade County, MT (2024)","Impact"
"Beaverhead_MA","Induced",604.713919873597,"Cascade County, MT (2024)","Impact"
"Cascade","Direct",347413.222088191,"Cascade County, MT (2024)","Impact"
"Cascade","Indirect",176708.123087307,"Cascade County, MT (2024)","Impact"
"Cascade","Induced",59764.3703906317,"Cascade County, MT (2024)","Impact"
"Cascade_MA","Direct",296443.002448286,"Cascade County, MT (2024)","Impact"
"Cascade_MA","Indirect",150782.650844835,"Cascade County, MT (2024)","Impact"
"Cascade_MA","Induced",50996.1287355175,"Cascade County, MT (2024)","Impact"
"Gallatin","Indirect",110.964213685369,"Cascade County, MT (2024)","Impact"
"Gallatin","Induced",72.2917113639441,"Cascade County, MT (2024)","Impact"
"Gallatin_MA","Indirect",3603.99460838668,"Cascade County, MT (2024)","Impact"
"Gallatin_MA","Induced",2043.2719538576,"Cascade County, MT (2024)","Impact"
"Glacier","Indirect",3572.1914027842,"Cascade County, MT (2024)","Impact"
"Glacier","Induced",565.992153396262,"Cascade County, MT (2024)","Impact"
"Lewis and Clark","Indirect",1365.84835653651,"Cascade County, MT (2024)","Impact"
"Lewis and Clark","Induced",684.378480729502,"Cascade County, MT (2024)","Impact"
"Lewis and Clark_MA","Indirect",30771.0561912943,"Cascade County, MT (2024)","Impact"
"Lewis and Clark_MA","Induced",15545.4231007523,"Cascade County, MT (2024)","Impact"
"Missoula","Indirect",1086.55910290809,"Cascade County, MT (2024)","Impact"
"Missoula","Induced",501.432092368165,"Cascade County, MT (2024)","Impact"
"Missoula_MA","Indirect",21162.5408305283,"Cascade County, MT (2024)","Impact"
"Missoula_MA","Induced",9287.21064506425,"Cascade County, MT (2024)","Impact"
"Park_MA","Indirect",2606.37123973287,"Cascade County, MT (2024)","Impact"
"Park_MA","Induced",1212.18249313927,"Cascade County, MT (2024)","Impact"
"Ravalli","Indirect",606.088788949542,"Cascade County, MT (2024)","Impact"
"Ravalli","Induced",27.5994498804901,"Cascade County, MT (2024)","Impact"
"Ravalli_MA","Indirect",3809.06985405662,"Cascade County, MT (2024)","Impact"
"Ravalli_MA","Induced",173.425649906225,"Cascade County, MT (2024)","Impact"
"Rest of MT","Indirect",2442.0273296172,"Cascade County, MT (2024)","Impact"
"Rest of MT","Induced",2209.84692739609,"Cascade County, MT (2024)","Impact"
"Rest of MT_MA","Indirect",550.218392081176,"Cascade County, MT (2024)","Impact"
"Rest of MT_MA","Induced",590.937857142663,"Cascade County, MT (2024)","Impact"
"Silver Bow_MA","Indirect",38408.2419423674,"Cascade County, MT (2024)","Impact"
"Silver Bow_MA","Induced",15138.3937640516,"Cascade County, MT (2024)","Impact"
"Beaverhead_MA","Indirect",109587.362327656,"Gallatin County, MT (2024)","Impact"
"Beaverhead_MA","Induced",27193.4488208957,"Gallatin County, MT (2024)","Impact"
"Cascade","Indirect",5144.58689334166,"Gallatin County, MT (2024)","Impact"
"Cascade","Induced",884.437567941757,"Gallatin County, MT (2024)","Impact"
"Cascade_MA","Indirect",4389.80639784388,"Gallatin County, MT (2024)","Impact"
"Cascade_MA","Induced",754.678611662508,"Gallatin County, MT (2024)","Impact"
"Gallatin","Direct",761856.543174784,"Gallatin County, MT (2024)","Impact"
"Gallatin","Indirect",428395.499418337,"Gallatin County, MT (2024)","Impact"
"Gallatin","Induced",168983.852991128,"Gallatin County, MT (2024)","Impact"
"Gallatin_MA","Direct",7503450.62028819,"Gallatin County, MT (2024)","Impact"
"Gallatin_MA","Indirect",4235192.16388338,"Gallatin County, MT (2024)","Impact"
"Gallatin_MA","Induced",1668435.49319168,"Gallatin County, MT (2024)","Impact"
"Glacier","Indirect",3222.80866239579,"Gallatin County, MT (2024)","Impact"
"Glacier","Induced",367.724317158662,"Gallatin County, MT (2024)","Impact"
"Lewis and Clark","Indirect",1445.35997256275,"Gallatin County, MT (2024)","Impact"
"Lewis and Clark","Induced",402.99582597913,"Gallatin County, MT (2024)","Impact"
"Lewis and Clark_MA","Indirect",29832.2459899934,"Gallatin County, MT (2024)","Impact"
"Lewis and Clark_MA","Induced",8653.75284338584,"Gallatin County, MT (2024)","Impact"
"Madison","Induced",4256.42475908343,"Gallatin County, MT (2024)","Impact"
"Missoula","Indirect",1258.00759859578,"Gallatin County, MT (2024)","Impact"
"Missoula","Induced",259.184957183678,"Gallatin County, MT (2024)","Impact"
"Missoula_MA","Indirect",27809.6132811058,"Gallatin County, MT (2024)","Impact"
"Missoula_MA","Induced",6276.93729371147,"Gallatin County, MT (2024)","Impact"
"Park","Indirect",399428.120938907,"Gallatin County, MT (2024)","Impact"
"Park","Induced",66495.0451652166,"Gallatin County, MT (2024)","Impact"
"Park_MA","Indirect",4498406.54948595,"Gallatin County, MT (2024)","Impact"
"Park_MA","Induced",752096.553330776,"Gallatin County, MT (2024)","Impact"
"Ravalli","Indirect",186.415502433971,"Gallatin County, MT (2024)","Impact"
"Ravalli","Induced",40.7588495131791,"Gallatin County, MT (2024)","Impact"
"Ravalli_MA","Indirect",1664.06561446679,"Gallatin County, MT (2024)","Impact"
"Ravalli_MA","Induced",423.318791575487,"Gallatin County, MT (2024)","Impact"
"Rest of MT","Indirect",18249.2198562777,"Gallatin County, MT (2024)","Impact"
"Rest of MT","Induced",4268.263208362,"Gallatin County, MT (2024)","Impact"
"Rest of MT_MA","Indirect",5146.21196481542,"Gallatin County, MT (2024)","Impact"
"Rest of MT_MA","Induced",1170.78441962121,"Gallatin County, MT (2024)","Impact"
"Silver Bow","Indirect",862.52067553816,"Gallatin County, MT (2024)","Impact"
"Silver Bow","Induced",211.276260046938,"Gallatin County, MT (2024)","Impact"
"Silver Bow_MA","Indirect",280563.052458332,"Gallatin County, MT (2024)","Impact"
"Silver Bow_MA","Induced",77713.7530032483,"Gallatin County, MT (2024)","Impact"
"Yellowstone","Indirect",1143.77733195877,"Gallatin County, MT (2024)","Impact"
"Yellowstone","Induced",184.984438251979,"Gallatin County, MT (2024)","Impact"
"Beaverhead_MA","Indirect",11683.9039781874,"Lewis and Clark County, MT (2024)","Impact"
"Beaverhead_MA","Induced",2420.17796152198,"Lewis and Clark County, MT (2024)","Impact"
"Cascade","Indirect",4059.73041320386,"Lewis and Clark County, MT (2024)","Impact"
"Cascade","Induced",1088.61599136957,"Lewis and Clark County, MT (2024)","Impact"
"Cascade_MA","Indirect",3464.11303976009,"Lewis and Clark County, MT (2024)","Impact"
"Cascade_MA","Induced",928.901298157537,"Lewis and Clark County, MT (2024)","Impact"
"Gallatin","Indirect",1409.96682133099,"Lewis and Clark County, MT (2024)","Impact"
"Gallatin","Induced",579.708594467351,"Lewis and Clark County, MT (2024)","Impact"
"Gallatin_MA","Indirect",14938.0013053784,"Lewis and Clark County, MT (2024)","Impact"
"Gallatin_MA","Induced",5913.33308147779,"Lewis and Clark County, MT (2024)","Impact"
"Glacier","Indirect",3061.20282264421,"Lewis and Clark County, MT (2024)","Impact"
"Glacier","Induced",599.202666447391,"Lewis and Clark County, MT (2024)","Impact"
"Lewis and Clark","Direct",157248.045911677,"Lewis and Clark County, MT (2024)","Impact"
"Lewis and Clark","Indirect",83598.0686337972,"Lewis and Clark County, MT (2024)","Impact"
"Lewis and Clark","Induced",36279.6010923282,"Lewis and Clark County, MT (2024)","Impact"
"Lewis and Clark_MA","Direct",2880150.4227781,"Lewis and Clark County, MT (2024)","Impact"
"Lewis and Clark_MA","Indirect",1531179.6806321,"Lewis and Clark County, MT (2024)","Impact"
"Lewis and Clark_MA","Induced",664496.069369156,"Lewis and Clark County, MT (2024)","Impact"
"Missoula","Indirect",1729.35552946552,"Lewis and Clark County, MT (2024)","Impact"
"Missoula","Induced",395.779968768036,"Lewis and Clark County, MT (2024)","Impact"
"Missoula_MA","Indirect",31783.5939160048,"Lewis and Clark County, MT (2024)","Impact"
"Missoula_MA","Induced",9101.66797149317,"Lewis and Clark County, MT (2024)","Impact"
"Park","Indirect",1027.96267051351,"Lewis and Clark County, MT (2024)","Impact"
"Park","Induced",439.039460382658,"Lewis and Clark County, MT (2024)","Impact"
"Park_MA","Indirect",14076.6899152867,"Lewis and Clark County, MT (2024)","Impact"
"Park_MA","Induced",6796.21461043547,"Lewis and Clark County, MT (2024)","Impact"
"Ravalli","Indirect",339.355061321595,"Lewis and Clark County, MT (2024)","Impact"
"Ravalli","Induced",96.1112472415113,"Lewis and Clark County, MT (2024)","Impact"
"Ravalli_MA","Indirect",2421.4624887849,"Lewis and Clark County, MT (2024)","Impact"
"Ravalli_MA","Induced",637.283081167034,"Lewis and Clark County, MT (2024)","Impact"
"Rest of MT","Indirect",5649.36977296146,"Lewis and Clark County, MT (2024)","Impact"
"Rest of MT","Induced",2336.79083535476,"Lewis and Clark County, MT (2024)","Impact"
"Rest of MT_MA","Indirect",1498.81816276635,"Lewis and Clark County, MT (2024)","Impact"
"Rest of MT_MA","Induced",653.688218095533,"Lewis and Clark County, MT (2024)","Impact"
"Silver Bow","Indirect",624.878622837089,"Lewis and Clark County, MT (2024)","Impact"
"Silver Bow","Induced",217.563049908229,"Lewis and Clark County, MT (2024)","Impact"
"Silver Bow_MA","Indirect",152566.6563371,"Lewis and Clark County, MT (2024)","Impact"
"Silver Bow_MA","Induced",49789.7518678373,"Lewis and Clark County, MT (2024)","Impact"
"Beaverhead_MA","Indirect",25482.0578563341,"Madison County, MT (2024)","Impact"
"Beaverhead_MA","Induced",19287.1583696265,"Madison County, MT (2024)","Impact"
"Gallatin","Indirect",13221.5584234455,"Madison County, MT (2024)","Impact"
"Gallatin","Induced",1948.94871756011,"Madison County, MT (2024)","Impact"
"Gallatin_MA","Indirect",133407.985001678,"Madison County, MT (2024)","Impact"
"Gallatin_MA","Induced",19572.492061495,"Madison County, MT (2024)","Impact"
"Lewis and Clark_MA","Indirect",133.675466721337,"Madison County, MT (2024)","Impact"
"Lewis and Clark_MA","Induced",588.994650895225,"Madison County, MT (2024)","Impact"
"Madison","Direct",62979.2892447477,"Madison County, MT (2024)","Impact"
"Madison","Indirect",16972.3166845577,"Madison County, MT (2024)","Impact"
"Madison","Induced",9205.98769015093,"Madison County, MT (2024)","Impact"
"Missoula","Induced",130.313125104689,"Madison County, MT (2024)","Impact"
"Missoula_MA","Indirect",202.727550791079,"Madison County, MT (2024)","Impact"
"Missoula_MA","Induced",2244.66733093847,"Madison County, MT (2024)","Impact"
"Park","Indirect",4929.04709695535,"Madison County, MT (2024)","Impact"
"Park","Induced",703.365911009517,"Madison County, MT (2024)","Impact"
"Park_MA","Indirect",56440.1022950771,"Madison County, MT (2024)","Impact"
"Park_MA","Induced",8044.92223942978,"Madison County, MT (2024)","Impact"
"Rest of MT","Indirect",189.069753898758,"Madison County, MT (2024)","Impact"
"Rest of MT","Induced",206.069999350922,"Madison County, MT (2024)","Impact"
"Rest of MT_MA","Induced",55.7647642858715,"Madison County, MT (2024)","Impact"
"Silver Bow","Indirect",151.321100338673,"Madison County, MT (2024)","Impact"
"Silver Bow","Induced",88.1623538912852,"Madison County, MT (2024)","Impact"
"Silver Bow_MA","Indirect",40245.1808383271,"Madison County, MT (2024)","Impact"
"Silver Bow_MA","Induced",19300.1620620538,"Madison County, MT (2024)","Impact"
"Beaverhead_MA","Indirect",1811.11755179652,"Park County, MT (2024)","Impact"
"Beaverhead_MA","Induced",342.373894292186,"Park County, MT (2024)","Impact"
"Gallatin","Indirect",28825.761014298,"Park County, MT (2024)","Impact"
"Gallatin","Induced",3552.7733112284,"Park County, MT (2024)","Impact"
"Gallatin_MA","Indirect",294561.240199708,"Park County, MT (2024)","Impact"
"Gallatin_MA","Induced",36846.7161306108,"Park County, MT (2024)","Impact"
"Lewis and Clark_MA","Induced",188.583236451464,"Park County, MT (2024)","Impact"
"Madison","Induced",142.286575301093,"Park County, MT (2024)","Impact"
"Missoula_MA","Indirect",461.752484033896,"Park County, MT (2024)","Impact"
"Missoula_MA","Induced",845.344270697824,"Park County, MT (2024)","Impact"
"Park","Direct",745550.736459569,"Park County, MT (2024)","Impact"
"Park","Indirect",310430.387787175,"Park County, MT (2024)","Impact"
"Park","Induced",44483.1406696343,"Park County, MT (2024)","Impact"
"Park_MA","Direct",8337952.03685762,"Park County, MT (2024)","Impact"
"Park_MA","Indirect",3481116.33466936,"Park County, MT (2024)","Impact"
"Park_MA","Induced",498885.001985196,"Park County, MT (2024)","Impact"
"Rest of MT","Indirect",5955.8541087999,"Park County, MT (2024)","Impact"
"Rest of MT","Induced",1004.32201372449,"Park County, MT (2024)","Impact"
"Rest of MT_MA","Indirect",1708.54433871023,"Park County, MT (2024)","Impact"
"Rest of MT_MA","Induced",287.812011029082,"Park County, MT (2024)","Impact"
"Silver Bow_MA","Indirect",3170.25161048553,"Park County, MT (2024)","Impact"
"Silver Bow_MA","Induced",1017.99961378979,"Park County, MT (2024)","Impact"
"Beaverhead_MA","Indirect",3332.64555302352,"Ravalli County, MT (2024)","Impact"
"Beaverhead_MA","Induced",480.842995898392,"Ravalli County, MT (2024)","Impact"
"Gallatin_MA","Induced",320.958955485902,"Ravalli County, MT (2024)","Impact"
"Lewis and Clark_MA","Induced",285.304180285975,"Ravalli County, MT (2024)","Impact"
"Missoula","Indirect",17161.2804587053,"Ravalli County, MT (2024)","Impact"
"Missoula","Induced",30819.7539081562,"Ravalli County, MT (2024)","Impact"
"Missoula_MA","Indirect",301970.453866615,"Ravalli County, MT (2024)","Impact"
"Missoula_MA","Induced",522704.245858108,"Ravalli County, MT (2024)","Impact"
"Park_MA","Induced",131.918104667706,"Ravalli County, MT (2024)","Impact"
"Ravalli","Direct",489106.916563056,"Ravalli County, MT (2024)","Impact"
"Ravalli","Indirect",227566.36543084,"Ravalli County, MT (2024)","Impact"
"Ravalli","Induced",74763.3742250776,"Ravalli County, MT (2024)","Impact"
"Ravalli_MA","Direct",2880150.4227781,"Ravalli County, MT (2024)","Impact"
"Ravalli_MA","Indirect",1340841.91814313,"Ravalli County, MT (2024)","Impact"
"Ravalli_MA","Induced",440602.590780202,"Ravalli County, MT (2024)","Impact"
"Rest of MT","Indirect",128.010737798395,"Ravalli County, MT (2024)","Impact"
"Rest of MT","Induced",540.673588990433,"Ravalli County, MT (2024)","Impact"
"Rest of MT_MA","Induced",118.190724207486,"Ravalli County, MT (2024)","Impact"
"Silver Bow_MA","Indirect",373.93788111471,"Ravalli County, MT (2024)","Impact"
"Silver Bow_MA","Induced",762.133772530185,"Ravalli County, MT (2024)","Impact"
"Beaverhead_MA","Indirect",23773.5965306332,"Rest of MT (2024)","Impact"
"Beaverhead_MA","Induced",7987.76552281393,"Rest of MT (2024)","Impact"
"Cascade","Indirect",7219.30065970212,"Rest of MT (2024)","Impact"
"Cascade","Induced",2150.59165544699,"Rest of MT (2024)","Impact"
"Cascade_MA","Indirect",6160.13158703475,"Rest of MT (2024)","Impact"
"Cascade_MA","Induced",1835.0707654388,"Rest of MT (2024)","Impact"
"Gallatin","Indirect",3387.36821851951,"Rest of MT (2024)","Impact"
"Gallatin","Induced",2699.75423180981,"Rest of MT (2024)","Impact"
"Gallatin_MA","Indirect",45889.0565144562,"Rest of MT (2024)","Impact"
"Gallatin_MA","Induced",30800.505204666,"Rest of MT (2024)","Impact"
"Glacier","Indirect",164354.846050798,"Rest of MT (2024)","Impact"
"Glacier","Induced",28984.6679319641,"Rest of MT (2024)","Impact"
"Lewis and Clark","Indirect",270.59882492996,"Rest of MT (2024)","Impact"
"Lewis and Clark","Induced",5270.49075450731,"Rest of MT (2024)","Impact"
"Lewis and Clark_MA","Indirect",16115.1828491024,"Rest of MT (2024)","Impact"
"Lewis and Clark_MA","Induced",98983.3937018203,"Rest of MT (2024)","Impact"
"Madison","Induced",190.659970497363,"Rest of MT (2024)","Impact"
"Missoula","Indirect",6170.03972157885,"Rest of MT (2024)","Impact"
"Missoula","Induced",10124.157255595,"Rest of MT (2024)","Impact"
"Missoula_MA","Indirect",130993.075366578,"Rest of MT (2024)","Impact"
"Missoula_MA","Induced",178215.707176455,"Rest of MT (2024)","Impact"
"Park","Indirect",24082.7582022036,"Rest of MT (2024)","Impact"
"Park","Induced",4989.38652927158,"Rest of MT (2024)","Impact"
"Park_MA","Indirect",297407.727791598,"Rest of MT (2024)","Impact"
"Park_MA","Induced",61643.8492492113,"Rest of MT (2024)","Impact"
"Ravalli","Indirect",920.67125677574,"Rest of MT (2024)","Impact"
"Ravalli","Induced",516.938490517205,"Rest of MT (2024)","Impact"
"Ravalli_MA","Indirect",8142.65958922735,"Rest of MT (2024)","Impact"
"Ravalli_MA","Induced",3438.26489823408,"Rest of MT (2024)","Impact"
"Rest of MT","Direct",1959918.6605251,"Rest of MT (2024)","Impact"
"Rest of MT","Indirect",1084550.82965102,"Rest of MT (2024)","Impact"
"Rest of MT","Induced",310624.976921669,"Rest of MT (2024)","Impact"
"Rest of MT_MA","Direct",592886.004896572,"Rest of MT (2024)","Impact"
"Rest of MT_MA","Indirect",328029.118455489,"Rest of MT (2024)","Impact"
"Rest of MT_MA","Induced",93847.5834445301,"Rest of MT (2024)","Impact"
"Silver Bow","Indirect",1052.0488947647,"Rest of MT (2024)","Impact"
"Silver Bow","Induced",1402.23295493943,"Rest of MT (2024)","Impact"
"Silver Bow_MA","Indirect",344563.318663097,"Rest of MT (2024)","Impact"
"Silver Bow_MA","Induced",308413.259938185,"Rest of MT (2024)","Impact"
"Yellowstone","Indirect",4095.64232566673,"Rest of MT (2024)","Impact"
"Yellowstone","Induced",912.705080032821,"Rest of MT (2024)","Impact"
"Beaverhead_MA","Indirect",39994.2363746239,"Silver Bow County, MT (2024)","Impact"
"Beaverhead_MA","Induced",19543.6516660185,"Silver Bow County, MT (2024)","Impact"
"Cascade","Indirect",402.862933860274,"Silver Bow County, MT (2024)","Impact"
"Cascade","Induced",92.2496889671902,"Silver Bow County, MT (2024)","Impact"
"Cascade_MA","Indirect",343.757491355204,"Silver Bow County, MT (2024)","Impact"
"Cascade_MA","Induced",78.7154116011518,"Silver Bow County, MT (2024)","Impact"
"Gallatin","Indirect",2028.52596911788,"Silver Bow County, MT (2024)","Impact"
"Gallatin","Induced",478.795161263346,"Silver Bow County, MT (2024)","Impact"
"Gallatin_MA","Indirect",24702.6976715115,"Silver Bow County, MT (2024)","Impact"
"Gallatin_MA","Induced",6489.29356619083,"Silver Bow County, MT (2024)","Impact"
"Glacier","Induced",223.088697191628,"Silver Bow County, MT (2024)","Impact"
"Lewis and Clark","Indirect",257.171412437268,"Silver Bow County, MT (2024)","Impact"
"Lewis and Clark","Induced",240.357969598761,"Silver Bow County, MT (2024)","Impact"
"Lewis and Clark_MA","Indirect",10629.0492354059,"Silver Bow County, MT (2024)","Impact"
"Lewis and Clark_MA","Induced",5988.24418782851,"Silver Bow County, MT (2024)","Impact"
"Madison","Indirect",118.529307512296,"Silver Bow County, MT (2024)","Impact"
"Madison","Induced",11.6959228631345,"Silver Bow County, MT (2024)","Impact"
"Missoula","Indirect",1046.32193527634,"Silver Bow County, MT (2024)","Impact"
"Missoula","Induced",180.676318668989,"Silver Bow County, MT (2024)","Impact"
"Missoula_MA","Indirect",22567.008645493,"Silver Bow County, MT (2024)","Impact"
"Missoula_MA","Induced",5016.49430540231,"Silver Bow County, MT (2024)","Impact"
"Park","Indirect",597.724692682341,"Silver Bow County, MT (2024)","Impact"
"Park","Induced",78.1792197330419,"Silver Bow County, MT (2024)","Impact"
"Park_MA","Indirect",14526.7869462959,"Silver Bow County, MT (2024)","Impact"
"Park_MA","Induced",4017.70147182559,"Silver Bow County, MT (2024)","Impact"
"Ravalli","Indirect",426.12668832078,"Silver Bow County, MT (2024)","Impact"
"Ravalli","Induced",53.69803121627,"Silver Bow County, MT (2024)","Impact"
"Ravalli_MA","Indirect",3472.82973530415,"Silver Bow County, MT (2024)","Impact"
"Ravalli_MA","Induced",563.163573189451,"Silver Bow County, MT (2024)","Impact"
"Rest of MT","Indirect",4226.72174120222,"Silver Bow County, MT (2024)","Impact"
"Rest of MT","Induced",2882.42613354752,"Silver Bow County, MT (2024)","Impact"
"Rest of MT_MA","Indirect",841.901223514193,"Silver Bow County, MT (2024)","Impact"
"Rest of MT_MA","Induced",779.228579674056,"Silver Bow County, MT (2024)","Impact"
"Silver Bow","Direct",93059.893911199,"Silver Bow County, MT (2024)","Impact"
"Silver Bow","Indirect",45146.1897077533,"Silver Bow County, MT (2024)","Impact"
"Silver Bow","Induced",18761.1995178702,"Silver Bow County, MT (2024)","Impact"
"Silver Bow_MA","Direct",18367423.0500865,"Silver Bow County, MT (2024)","Impact"
"Silver Bow_MA","Indirect",8914794.41056896,"Silver Bow County, MT (2024)","Impact"
"Silver Bow_MA","Induced",3705109.3947599,"Silver Bow County, MT (2024)","Impact"
"Beaverhead_MA","Indirect",5154.17713292112,"Yellowstone County, MT (2024)","Impact"
"Beaverhead_MA","Induced",1324.57521051676,"Yellowstone County, MT (2024)","Impact"
"Gallatin","Indirect",6746.94864102834,"Yellowstone County, MT (2024)","Impact"
"Gallatin","Induced",2025.41513345119,"Yellowstone County, MT (2024)","Impact"
"Gallatin_MA","Indirect",71673.9505889999,"Yellowstone County, MT (2024)","Impact"
"Gallatin_MA","Induced",21688.0027097668,"Yellowstone County, MT (2024)","Impact"
"Glacier","Indirect",2342.54352470706,"Yellowstone County, MT (2024)","Impact"
"Glacier","Induced",890.824188655576,"Yellowstone County, MT (2024)","Impact"
"Lewis and Clark","Induced",137.529159819091,"Yellowstone County, MT (2024)","Impact"
"Lewis and Clark_MA","Indirect",783.781128199305,"Yellowstone County, MT (2024)","Impact"
"Lewis and Clark_MA","Induced",2989.42969019674,"Yellowstone County, MT (2024)","Impact"
"Missoula","Indirect",356.393929063191,"Yellowstone County, MT (2024)","Impact"
"Missoula","Induced",1167.35183652456,"Yellowstone County, MT (2024)","Impact"
"Missoula_MA","Indirect",9242.84552979715,"Yellowstone County, MT (2024)","Impact"
"Missoula_MA","Induced",21218.4592732769,"Yellowstone County, MT (2024)","Impact"
"Park","Indirect",21437.0462370683,"Yellowstone County, MT (2024)","Impact"
"Park","Induced",5052.61975461578,"Yellowstone County, MT (2024)","Impact"
"Park_MA","Indirect",254241.888315175,"Yellowstone County, MT (2024)","Impact"
"Park_MA","Induced",61233.3257254755,"Yellowstone County, MT (2024)","Impact"
"Ravalli","Indirect",328.973917370629,"Yellowstone County, MT (2024)","Impact"
"Ravalli","Induced",17.7093675737528,"Yellowstone County, MT (2024)","Impact"
"Ravalli_MA","Indirect",2510.11631429126,"Yellowstone County, MT (2024)","Impact"
"Ravalli_MA","Induced",464.855704373021,"Yellowstone County, MT (2024)","Impact"
"Rest of MT","Indirect",20811.0504810169,"Yellowstone County, MT (2024)","Impact"
"Rest of MT","Induced",10416.5686374682,"Yellowstone County, MT (2024)","Impact"
"Rest of MT_MA","Indirect",5446.26639263858,"Yellowstone County, MT (2024)","Impact"
"Rest of MT_MA","Induced",2885.54008115893,"Yellowstone County, MT (2024)","Impact"
"Silver Bow_MA","Indirect",33224.6331766584,"Yellowstone County, MT (2024)","Impact"
"Silver Bow_MA","Induced",7652.0919803958,"Yellowstone County, MT (2024)","Impact"
"Yellowstone","Direct",73832.3942560599,"Yellowstone County, MT (2024)","Impact"
"Yellowstone","Indirect",36625.7407460411,"Yellowstone County, MT (2024)","Impact"
"Yellowstone","Induced",13993.7196456558,"Yellowstone County, MT (2024)","Impact"
"Cascade","Indirect",551.262897589192,"Glacier County, MT (2024)","Impact"
"Cascade","Induced",27.3886906461504,"Glacier County, MT (2024)","Impact"
"Cascade_MA","Indirect",269.627093012188,"Glacier County, MT (2024)","Impact"
"Cascade_MA","Induced",15.1630749250425,"Glacier County, MT (2024)","Impact"
"Gallatin_MA","Indirect",126.106380548274,"Glacier County, MT (2024)","Impact"
"Gallatin_MA","Induced",7.51674834253896,"Glacier County, MT (2024)","Impact"
"Glacier","Direct",748670.867305652,"Glacier County, MT (2024)","Impact"
"Glacier","Indirect",418465.53951929,"Glacier County, MT (2024)","Impact"
"Glacier","Induced",45637.5192635349,"Glacier County, MT (2024)","Impact"
"Lewis and Clark_MA","Indirect",750.072772798831,"Glacier County, MT (2024)","Impact"
"Lewis and Clark_MA","Induced",48.4376140429407,"Glacier County, MT (2024)","Impact"
"Missoula_MA","Indirect",182.038897513849,"Glacier County, MT (2024)","Impact"
"Missoula_MA","Induced",497.282752111967,"Glacier County, MT (2024)","Impact"
"Park_MA","Indirect",363.510442829961,"Glacier County, MT (2024)","Impact"
"Park_MA","Induced",16.7616891066197,"Glacier County, MT (2024)","Impact"
"Rest of MT","Indirect",2239.71745534264,"Glacier County, MT (2024)","Impact"
"Rest of MT","Induced",221.765407481555,"Glacier County, MT (2024)","Impact"
"Rest of MT_MA","Indirect",408.638227674568,"Glacier County, MT (2024)","Impact"
"Rest of MT_MA","Induced",18.9508983894267,"Glacier County, MT (2024)","Impact"
"Silver Bow_MA","Indirect",1001.49316578326,"Glacier County, MT (2024)","Impact"
"Silver Bow_MA","Induced",53.8223911997235,"Glacier County, MT (2024)","Impact"
"Cascade","Indirect",930.750214078944,"Missoula County, MT (2024)","Impact"
"Cascade","Induced",169.591041296859,"Missoula County, MT (2024)","Impact"
"Cascade_MA","Indirect",794.196566073429,"Missoula County, MT (2024)","Impact"
"Cascade_MA","Induced",144.709741236072,"Missoula County, MT (2024)","Impact"
"Gallatin","Induced",361.165642563888,"Missoula County, MT (2024)","Impact"
"Gallatin_MA","Indirect",203.133913347559,"Missoula County, MT (2024)","Impact"
"Gallatin_MA","Induced",3610.65252796808,"Missoula County, MT (2024)","Impact"
"Glacier","Indirect",148.784360341117,"Missoula County, MT (2024)","Impact"
"Glacier","Induced",247.525803266803,"Missoula County, MT (2024)","Impact"
"Lewis and Clark","Induced",176.037290018747,"Missoula County, MT (2024)","Impact"
"Lewis and Clark_MA","Indirect",3447.42494490632,"Missoula County, MT (2024)","Impact"
"Lewis and Clark_MA","Induced",3980.91161784075,"Missoula County, MT (2024)","Impact"
"Missoula","Direct",1205210.91147527,"Missoula County, MT (2024)","Impact"
"Missoula","Indirect",788400.080819985,"Missoula County, MT (2024)","Impact"
"Missoula","Induced",356853.996105579,"Missoula County, MT (2024)","Impact"
"Missoula_MA","Direct",20335607.5305241,"Missoula County, MT (2024)","Impact"
"Missoula_MA","Indirect",13308126.6532564,"Missoula County, MT (2024)","Impact"
"Missoula_MA","Induced",6026243.85900756,"Missoula County, MT (2024)","Impact"
"Park","Induced",130.015687430991,"Missoula County, MT (2024)","Impact"
"Park_MA","Indirect",442.082210528141,"Missoula County, MT (2024)","Impact"
"Park_MA","Induced",1768.01900263831,"Missoula County, MT (2024)","Impact"
"Ravalli","Indirect",22172.8917104129,"Missoula County, MT (2024)","Impact"
"Ravalli","Induced",7040.81865049118,"Missoula County, MT (2024)","Impact"
"Ravalli_MA","Indirect",137415.000053289,"Missoula County, MT (2024)","Impact"
"Ravalli_MA","Induced",43787.7303602334,"Missoula County, MT (2024)","Impact"
"Rest of MT","Indirect",5590.41366960107,"Missoula County, MT (2024)","Impact"
"Rest of MT","Induced",3329.64047603769,"Missoula County, MT (2024)","Impact"
"Rest of MT_MA","Indirect",868.139743491261,"Missoula County, MT (2024)","Impact"
"Rest of MT_MA","Induced",754.978381588619,"Missoula County, MT (2024)","Impact"
"Silver Bow","Induced",124.635493884984,"Missoula County, MT (2024)","Impact"
"Silver Bow_MA","Indirect",9878.48530564753,"Missoula County, MT (2024)","Impact"
"Silver Bow_MA","Induced",28346.3264748656,"Missoula County, MT (2024)","Impact"
"Beaverhead_MA","Direct",424060.186292878,"Beaverhead County, MT (2024)","Employee Compensation"
"Beaverhead_MA","Indirect",245874.937459991,"Beaverhead County, MT (2024)","Employee Compensation"
"Beaverhead_MA","Induced",89046.8179915191,"Beaverhead County, MT (2024)","Employee Compensation"
"Gallatin","Indirect",181.35649016687,"Beaverhead County, MT (2024)","Employee Compensation"
"Gallatin","Induced",62.2243088341715,"Beaverhead County, MT (2024)","Employee Compensation"
"Gallatin_MA","Indirect",1803.59069948962,"Beaverhead County, MT (2024)","Employee Compensation"
"Gallatin_MA","Induced",687.463128669631,"Beaverhead County, MT (2024)","Employee Compensation"
"Glacier","Indirect",9.06090746072946,"Beaverhead County, MT (2024)","Employee Compensation"
"Glacier","Induced",1.27694134712849,"Beaverhead County, MT (2024)","Employee Compensation"
"Lewis and Clark_MA","Induced",69.5916783017765,"Beaverhead County, MT (2024)","Employee Compensation"
"Madison","Induced",46.7670867555037,"Beaverhead County, MT (2024)","Employee Compensation"
"Missoula","Indirect",19.4866724696429,"Beaverhead County, MT (2024)","Employee Compensation"
"Missoula","Induced",3.8666235303468,"Beaverhead County, MT (2024)","Employee Compensation"
"Missoula_MA","Indirect",627.786856363578,"Beaverhead County, MT (2024)","Employee Compensation"
"Missoula_MA","Induced",283.681301354923,"Beaverhead County, MT (2024)","Employee Compensation"
"Park","Indirect",58.2697824616967,"Beaverhead County, MT (2024)","Employee Compensation"
"Park","Induced",9.01627566356269,"Beaverhead County, MT (2024)","Employee Compensation"
"Park_MA","Indirect",929.391444020567,"Beaverhead County, MT (2024)","Employee Compensation"
"Park_MA","Induced",301.371162402725,"Beaverhead County, MT (2024)","Employee Compensation"
"Ravalli","Indirect",55.167195504891,"Beaverhead County, MT (2024)","Employee Compensation"
"Ravalli","Induced",7.81449777384568,"Beaverhead County, MT (2024)","Employee Compensation"
"Ravalli_MA","Indirect",373.021889194712,"Beaverhead County, MT (2024)","Employee Compensation"
"Ravalli_MA","Induced",54.1287070172086,"Beaverhead County, MT (2024)","Employee Compensation"
"Rest of MT","Indirect",38.3000455496257,"Beaverhead County, MT (2024)","Employee Compensation"
"Rest of MT","Induced",22.879346314001,"Beaverhead County, MT (2024)","Employee Compensation"
"Silver Bow","Indirect",160.463601713691,"Beaverhead County, MT (2024)","Employee Compensation"
"Silver Bow","Induced",45.6626409859571,"Beaverhead County, MT (2024)","Employee Compensation"
"Silver Bow_MA","Indirect",38514.034492058,"Beaverhead County, MT (2024)","Employee Compensation"
"Silver Bow_MA","Induced",10390.0348881271,"Beaverhead County, MT (2024)","Employee Compensation"
"Beaverhead_MA","Indirect",376.24589333471,"Cascade County, MT (2024)","Employee Compensation"
"Beaverhead_MA","Induced",170.276874272713,"Cascade County, MT (2024)","Employee Compensation"
"Cascade","Direct",32086.6409782481,"Cascade County, MT (2024)","Employee Compensation"
"Cascade","Indirect",31354.7842864255,"Cascade County, MT (2024)","Employee Compensation"
"Cascade","Induced",16832.4382486365,"Cascade County, MT (2024)","Employee Compensation"
"Cascade_MA","Direct",27379.0966644829,"Cascade County, MT (2024)","Employee Compensation"
"Cascade_MA","Indirect",26754.6132502314,"Cascade County, MT (2024)","Employee Compensation"
"Cascade_MA","Induced",14362.8918408997,"Cascade County, MT (2024)","Employee Compensation"
"Gallatin","Indirect",80.9363919015105,"Cascade County, MT (2024)","Employee Compensation"
"Gallatin","Induced",20.3555914945355,"Cascade County, MT (2024)","Employee Compensation"
"Gallatin_MA","Indirect",1752.49539482783,"Cascade County, MT (2024)","Employee Compensation"
"Gallatin_MA","Induced",575.346252117489,"Cascade County, MT (2024)","Employee Compensation"
"Glacier","Indirect",664.726738096068,"Cascade County, MT (2024)","Employee Compensation"
"Glacier","Induced",159.375258744939,"Cascade County, MT (2024)","Employee Compensation"
"Lewis and Clark","Indirect",496.866861995252,"Cascade County, MT (2024)","Employee Compensation"
"Lewis and Clark","Induced",192.711679565427,"Cascade County, MT (2024)","Employee Compensation"
"Lewis and Clark_MA","Indirect",11778.828931419,"Cascade County, MT (2024)","Employee Compensation"
"Lewis and Clark_MA","Induced",4377.45328340264,"Cascade County, MT (2024)","Employee Compensation"
"Missoula","Indirect",47.784806681137,"Cascade County, MT (2024)","Employee Compensation"
"Missoula","Induced",141.1918902546,"Cascade County, MT (2024)","Employee Compensation"
"Missoula_MA","Indirect",1517.44481813346,"Cascade County, MT (2024)","Employee Compensation"
"Missoula_MA","Induced",2615.07240247569,"Cascade County, MT (2024)","Employee Compensation"
"Park_MA","Indirect",960.367177529727,"Cascade County, MT (2024)","Employee Compensation"
"Park_MA","Induced",341.326306602046,"Cascade County, MT (2024)","Employee Compensation"
"Ravalli","Indirect",26.6546343719768,"Cascade County, MT (2024)","Employee Compensation"
"Ravalli","Induced",7.77224456205062,"Cascade County, MT (2024)","Employee Compensation"
"Ravalli_MA","Indirect",167.515661250171,"Cascade County, MT (2024)","Employee Compensation"
"Ravalli_MA","Induced",48.8381677982859,"Cascade County, MT (2024)","Employee Compensation"
"Rest of MT","Indirect",719.769539118959,"Cascade County, MT (2024)","Employee Compensation"
"Rest of MT","Induced",622.246725540865,"Cascade County, MT (2024)","Employee Compensation"
"Rest of MT_MA","Indirect",130.81407272595,"Cascade County, MT (2024)","Employee Compensation"
"Rest of MT_MA","Induced",166.394317865791,"Cascade County, MT (2024)","Employee Compensation"
"Silver Bow_MA","Indirect",10078.8542035756,"Cascade County, MT (2024)","Employee Compensation"
"Silver Bow_MA","Induced",4262.77810462155,"Cascade County, MT (2024)","Employee Compensation"
"Beaverhead_MA","Indirect",18943.8248180176,"Gallatin County, MT (2024)","Employee Compensation"
"Beaverhead_MA","Induced",7515.99483187184,"Gallatin County, MT (2024)","Employee Compensation"
"Cascade","Indirect",543.61828641653,"Gallatin County, MT (2024)","Employee Compensation"
"Cascade","Induced",244.44944875184,"Gallatin County, MT (2024)","Employee Compensation"
"Cascade_MA","Indirect",463.862129490857,"Gallatin County, MT (2024)","Employee Compensation"
"Cascade_MA","Induced",208.585407599796,"Gallatin County, MT (2024)","Employee Compensation"
"Gallatin","Direct",146909.113371875,"Gallatin County, MT (2024)","Employee Compensation"
"Gallatin","Indirect",84048.6966372975,"Gallatin County, MT (2024)","Employee Compensation"
"Gallatin","Induced",46705.4502674315,"Gallatin County, MT (2024)","Employee Compensation"
"Gallatin_MA","Direct",1446893.49685521,"Gallatin County, MT (2024)","Employee Compensation"
"Gallatin_MA","Indirect",832682.314033117,"Gallatin County, MT (2024)","Employee Compensation"
"Gallatin_MA","Induced",461138.917041255,"Gallatin County, MT (2024)","Employee Compensation"
"Glacier","Indirect",419.302040156315,"Gallatin County, MT (2024)","Employee Compensation"
"Glacier","Induced",101.635305333827,"Gallatin County, MT (2024)","Employee Compensation"
"Lewis and Clark","Indirect",245.071064203896,"Gallatin County, MT (2024)","Employee Compensation"
"Lewis and Clark","Induced",111.3839875544,"Gallatin County, MT (2024)","Employee Compensation"
"Lewis and Clark_MA","Indirect",5438.99216788936,"Gallatin County, MT (2024)","Employee Compensation"
"Lewis and Clark_MA","Induced",2391.81008521939,"Gallatin County, MT (2024)","Employee Compensation"
"Madison","Induced",1176.43384474308,"Gallatin County, MT (2024)","Employee Compensation"
"Missoula","Indirect",99.4738996303777,"Gallatin County, MT (2024)","Employee Compensation"
"Missoula","Induced",71.6361558594133,"Gallatin County, MT (2024)","Employee Compensation"
"Missoula_MA","Indirect",3306.95992444038,"Gallatin County, MT (2024)","Employee Compensation"
"Missoula_MA","Induced",1734.88305488858,"Gallatin County, MT (2024)","Employee Compensation"
"Park","Indirect",81645.4712490078,"Gallatin County, MT (2024)","Employee Compensation"
"Park","Induced",18378.5665132144,"Gallatin County, MT (2024)","Employee Compensation"
"Park_MA","Indirect",921391.301733452,"Gallatin County, MT (2024)","Employee Compensation"
"Park_MA","Induced",207871.977445221,"Gallatin County, MT (2024)","Employee Compensation"
"Ravalli","Indirect",35.5023021640406,"Gallatin County, MT (2024)","Employee Compensation"
"Ravalli","Induced",11.2653321612811,"Gallatin County, MT (2024)","Employee Compensation"
"Ravalli_MA","Indirect",289.7650874004,"Gallatin County, MT (2024)","Employee Compensation"
"Ravalli_MA","Induced",117.001052976801,"Gallatin County, MT (2024)","Employee Compensation"
"Rest of MT","Indirect",3171.95445876098,"Gallatin County, MT (2024)","Employee Compensation"
"Rest of MT","Induced",1179.70493519202,"Gallatin County, MT (2024)","Employee Compensation"
"Rest of MT_MA","Indirect",823.535142375859,"Gallatin County, MT (2024)","Employee Compensation"
"Rest of MT_MA","Induced",323.593006561922,"Gallatin County, MT (2024)","Employee Compensation"
"Silver Bow","Indirect",116.00203704015,"Gallatin County, MT (2024)","Employee Compensation"
"Silver Bow","Induced",58.3946372818265,"Gallatin County, MT (2024)","Employee Compensation"
"Silver Bow_MA","Indirect",57065.1852283511,"Gallatin County, MT (2024)","Employee Compensation"
"Silver Bow_MA","Induced",21479.3021922924,"Gallatin County, MT (2024)","Employee Compensation"
"Yellowstone","Indirect",135.651567661938,"Gallatin County, MT (2024)","Employee Compensation"
"Yellowstone","Induced",51.1278014857483,"Gallatin County, MT (2024)","Employee Compensation"
"Beaverhead_MA","Indirect",3131.55173123661,"Lewis and Clark County, MT (2024)","Employee Compensation"
"Beaverhead_MA","Induced",685.322785700375,"Lewis and Clark County, MT (2024)","Employee Compensation"
"Cascade","Indirect",989.437640686802,"Lewis and Clark County, MT (2024)","Employee Compensation"
"Cascade","Induced",308.259392719945,"Lewis and Clark County, MT (2024)","Employee Compensation"
"Cascade_MA","Indirect",844.273753248477,"Lewis and Clark County, MT (2024)","Employee Compensation"
"Cascade_MA","Induced",263.033569538665,"Lewis and Clark County, MT (2024)","Employee Compensation"
"Gallatin","Indirect",389.477079568804,"Lewis and Clark County, MT (2024)","Employee Compensation"
"Gallatin","Induced",164.14618249085,"Lewis and Clark County, MT (2024)","Employee Compensation"
"Gallatin_MA","Indirect",4066.58832323771,"Lewis and Clark County, MT (2024)","Employee Compensation"
"Gallatin_MA","Induced",1674.37906952309,"Lewis and Clark County, MT (2024)","Employee Compensation"
"Glacier","Indirect",778.137666917007,"Lewis and Clark County, MT (2024)","Employee Compensation"
"Glacier","Induced",169.67874941878,"Lewis and Clark County, MT (2024)","Employee Compensation"
"Lewis and Clark","Direct",32261.8276462784,"Lewis and Clark County, MT (2024)","Employee Compensation"
"Lewis and Clark","Indirect",19040.8945537169,"Lewis and Clark County, MT (2024)","Employee Compensation"
"Lewis and Clark","Induced",10272.9739090223,"Lewis and Clark County, MT (2024)","Employee Compensation"
"Lewis and Clark_MA","Direct",590906.653219803,"Lewis and Clark County, MT (2024)","Employee Compensation"
"Lewis and Clark_MA","Indirect",348752.445100424,"Lewis and Clark County, MT (2024)","Employee Compensation"
"Lewis and Clark_MA","Induced",188159.47744036,"Lewis and Clark County, MT (2024)","Employee Compensation"
"Missoula","Indirect",419.417057624374,"Lewis and Clark County, MT (2024)","Employee Compensation"
"Missoula","Induced",112.069955933443,"Lewis and Clark County, MT (2024)","Employee Compensation"
"Missoula_MA","Indirect",7708.33710603354,"Lewis and Clark County, MT (2024)","Employee Compensation"
"Missoula_MA","Induced",2577.23092021967,"Lewis and Clark County, MT (2024)","Employee Compensation"
"Park","Indirect",271.167895098366,"Lewis and Clark County, MT (2024)","Employee Compensation"
"Park","Induced",124.315142583647,"Lewis and Clark County, MT (2024)","Employee Compensation"
"Park_MA","Indirect",3997.50103386562,"Lewis and Clark County, MT (2024)","Employee Compensation"
"Park_MA","Induced",1924.36362384701,"Lewis and Clark County, MT (2024)","Employee Compensation"
"Ravalli","Indirect",100.527845587847,"Lewis and Clark County, MT (2024)","Employee Compensation"
"Ravalli","Induced",27.2146048886335,"Lewis and Clark County, MT (2024)","Employee Compensation"
"Ravalli_MA","Indirect",678.968048782563,"Lewis and Clark County, MT (2024)","Employee Compensation"
"Ravalli_MA","Induced",180.451310160634,"Lewis and Clark County, MT (2024)","Employee Compensation"
"Rest of MT","Indirect",1537.80320007086,"Lewis and Clark County, MT (2024)","Employee Compensation"
"Rest of MT","Induced",661.680227130477,"Lewis and Clark County, MT (2024)","Employee Compensation"
"Rest of MT_MA","Indirect",397.166015700649,"Lewis and Clark County, MT (2024)","Employee Compensation"
"Rest of MT_MA","Induced",185.096211267166,"Lewis and Clark County, MT (2024)","Employee Compensation"
"Silver Bow","Indirect",144.361663359167,"Lewis and Clark County, MT (2024)","Employee Compensation"
"Silver Bow","Induced",61.6036297782227,"Lewis and Clark County, MT (2024)","Employee Compensation"
"Silver Bow_MA","Indirect",36145.2545457149,"Lewis and Clark County, MT (2024)","Employee Compensation"
"Silver Bow_MA","Induced",14098.1988655277,"Lewis and Clark County, MT (2024)","Employee Compensation"
"Beaverhead_MA","Indirect",3371.9561831601,"Madison County, MT (2024)","Employee Compensation"
"Beaverhead_MA","Induced",3989.66860574929,"Madison County, MT (2024)","Employee Compensation"
"Gallatin","Indirect",4026.93815316771,"Madison County, MT (2024)","Employee Compensation"
"Gallatin","Induced",403.140723295552,"Madison County, MT (2024)","Employee Compensation"
"Gallatin_MA","Indirect",40434.2511504068,"Madison County, MT (2024)","Employee Compensation"
"Gallatin_MA","Induced",4048.60049281833,"Madison County, MT (2024)","Employee Compensation"
"Lewis and Clark_MA","Indirect",44.7547049298141,"Madison County, MT (2024)","Employee Compensation"
"Lewis and Clark_MA","Induced",121.828925795523,"Madison County, MT (2024)","Employee Compensation"
"Madison","Direct",22652.0638984243,"Madison County, MT (2024)","Employee Compensation"
"Madison","Indirect",4206.06066406473,"Madison County, MT (2024)","Employee Compensation"
"Madison","Induced",1904.29693603653,"Madison County, MT (2024)","Employee Compensation"
"Missoula","Induced",26.954205901409,"Madison County, MT (2024)","Employee Compensation"
"Missoula_MA","Indirect",50.5515796473398,"Madison County, MT (2024)","Employee Compensation"
"Missoula_MA","Induced",464.297781330179,"Madison County, MT (2024)","Employee Compensation"
"Park","Indirect",1457.29829113237,"Madison County, MT (2024)","Employee Compensation"
"Park","Induced",145.491360985586,"Madison County, MT (2024)","Employee Compensation"
"Park_MA","Indirect",16645.020103205,"Madison County, MT (2024)","Employee Compensation"
"Park_MA","Induced",1664.10311738521,"Madison County, MT (2024)","Employee Compensation"
"Rest of MT","Indirect",63.3007780293079,"Madison County, MT (2024)","Employee Compensation"
"Rest of MT","Induced",42.6241675644041,"Madison County, MT (2024)","Employee Compensation"
"Rest of MT_MA","Induced",11.5344861647466,"Madison County, MT (2024)","Employee Compensation"
"Silver Bow","Indirect",50.6624840100979,"Madison County, MT (2024)","Employee Compensation"
"Silver Bow","Induced",18.2358798442444,"Madison County, MT (2024)","Employee Compensation"
"Silver Bow_MA","Indirect",11705.3140562103,"Madison County, MT (2024)","Employee Compensation"
"Silver Bow_MA","Induced",3992.14789613904,"Madison County, MT (2024)","Employee Compensation"
"Beaverhead_MA","Indirect",217.274162889039,"Park County, MT (2024)","Employee Compensation"
"Beaverhead_MA","Induced",81.1768615972618,"Park County, MT (2024)","Employee Compensation"
"Gallatin","Indirect",2703.45308744633,"Park County, MT (2024)","Employee Compensation"
"Gallatin","Induced",842.494958644327,"Park County, MT (2024)","Employee Compensation"
"Gallatin_MA","Indirect",29152.577103739,"Park County, MT (2024)","Employee Compensation"
"Gallatin_MA","Induced",8737.7534384603,"Park County, MT (2024)","Employee Compensation"
"Lewis and Clark_MA","Induced",44.7341754276694,"Park County, MT (2024)","Employee Compensation"
"Madison","Induced",33.7520595164861,"Park County, MT (2024)","Employee Compensation"
"Missoula_MA","Indirect",110.483460847753,"Park County, MT (2024)","Employee Compensation"
"Missoula_MA","Induced",200.523738486546,"Park County, MT (2024)","Employee Compensation"
"Park","Direct",46146.1982295603,"Park County, MT (2024)","Employee Compensation"
"Park","Indirect",40877.2563853962,"Park County, MT (2024)","Employee Compensation"
"Park","Induced",10545.8734572943,"Park County, MT (2024)","Employee Compensation"
"Park_MA","Direct",516081.292265296,"Park County, MT (2024)","Employee Compensation"
"Park_MA","Indirect",459292.014589657,"Park County, MT (2024)","Employee Compensation"
"Park_MA","Induced",118273.63546357,"Park County, MT (2024)","Employee Compensation"
"Rest of MT","Indirect",561.332496543286,"Park County, MT (2024)","Employee Compensation"
"Rest of MT","Induced",238.160266338508,"Park County, MT (2024)","Employee Compensation"
"Rest of MT_MA","Indirect",139.162717363257,"Park County, MT (2024)","Employee Compensation"
"Rest of MT_MA","Induced",68.2509522093322,"Park County, MT (2024)","Employee Compensation"
"Silver Bow_MA","Indirect",453.268632023063,"Park County, MT (2024)","Employee Compensation"
"Silver Bow_MA","Induced",241.426972135952,"Park County, MT (2024)","Employee Compensation"
"Beaverhead_MA","Indirect",672.95298567581,"Ravalli County, MT (2024)","Employee Compensation"
"Beaverhead_MA","Induced",108.49219833653,"Ravalli County, MT (2024)","Employee Compensation"
"Gallatin_MA","Induced",72.4299834166254,"Ravalli County, MT (2024)","Employee Compensation"
"Lewis and Clark_MA","Induced",64.383861841533,"Ravalli County, MT (2024)","Employee Compensation"
"Missoula","Indirect",4611.08226351875,"Ravalli County, MT (2024)","Employee Compensation"
"Missoula","Induced",6954.88831072365,"Ravalli County, MT (2024)","Employee Compensation"
"Missoula_MA","Indirect",80389.0028213093,"Ravalli County, MT (2024)","Employee Compensation"
"Missoula_MA","Induced",117955.090842967,"Ravalli County, MT (2024)","Employee Compensation"
"Park_MA","Induced",29.7696199782601,"Ravalli County, MT (2024)","Employee Compensation"
"Ravalli","Direct",25410.4084772218,"Ravalli County, MT (2024)","Employee Compensation"
"Ravalli","Indirect",35684.586205461,"Ravalli County, MT (2024)","Employee Compensation"
"Ravalli","Induced",16864.9767085376,"Ravalli County, MT (2024)","Employee Compensation"
"Ravalli_MA","Direct",149631.494138152,"Ravalli County, MT (2024)","Employee Compensation"
"Ravalli_MA","Indirect",210410.521707225,"Ravalli County, MT (2024)","Employee Compensation"
"Ravalli_MA","Induced",99390.3013462807,"Ravalli County, MT (2024)","Employee Compensation"
"Rest of MT","Indirect",38.7836656486598,"Ravalli County, MT (2024)","Employee Compensation"
"Rest of MT","Induced",122.011580783444,"Ravalli County, MT (2024)","Employee Compensation"
"Rest of MT_MA","Induced",26.6717972750979,"Ravalli County, MT (2024)","Employee Compensation"
"Silver Bow_MA","Indirect",96.8380325414604,"Ravalli County, MT (2024)","Employee Compensation"
"Silver Bow_MA","Induced",171.980124931526,"Ravalli County, MT (2024)","Employee Compensation"
"Beaverhead_MA","Indirect",2307.79274902672,"Rest of MT (2024)","Employee Compensation"
"Beaverhead_MA","Induced",1916.24199161621,"Rest of MT (2024)","Employee Compensation"
"Cascade","Indirect",751.204664322717,"Rest of MT (2024)","Employee Compensation"
"Cascade","Induced",515.908020367227,"Rest of MT (2024)","Employee Compensation"
"Cascade_MA","Indirect",640.992777437967,"Rest of MT (2024)","Employee Compensation"
"Cascade_MA","Induced",440.21733434771,"Rest of MT (2024)","Employee Compensation"
"Gallatin","Indirect",717.093378352645,"Rest of MT (2024)","Employee Compensation"
"Gallatin","Induced",647.721141260508,"Rest of MT (2024)","Employee Compensation"
"Gallatin_MA","Indirect",9611.18715397694,"Rest of MT (2024)","Employee Compensation"
"Gallatin_MA","Induced",7389.53968614092,"Rest of MT (2024)","Employee Compensation"
"Glacier","Indirect",21194.8589149929,"Rest of MT (2024)","Employee Compensation"
"Glacier","Induced",6952.61126720951,"Rest of MT (2024)","Employee Compensation"
"Lewis and Clark","Indirect",22.2300387284166,"Rest of MT (2024)","Employee Compensation"
"Lewis and Clark","Induced",1264.50967752363,"Rest of MT (2024)","Employee Compensation"
"Lewis and Clark_MA","Indirect",2709.86495340348,"Rest of MT (2024)","Employee Compensation"
"Lewis and Clark_MA","Induced",23748.2648332341,"Rest of MT (2024)","Employee Compensation"
"Madison","Induced",45.7437274462346,"Rest of MT (2024)","Employee Compensation"
"Missoula","Indirect",843.455013166711,"Rest of MT (2024)","Employee Compensation"
"Missoula","Induced",2428.98655702554,"Rest of MT (2024)","Employee Compensation"
"Missoula_MA","Indirect",19663.1343691307,"Rest of MT (2024)","Employee Compensation"
"Missoula_MA","Induced",42757.2400703757,"Rest of MT (2024)","Employee Compensation"
"Park","Indirect",4507.33393939305,"Rest of MT (2024)","Employee Compensation"
"Park","Induced",1196.95519875803,"Rest of MT (2024)","Employee Compensation"
"Park_MA","Indirect",56416.0793278885,"Rest of MT (2024)","Employee Compensation"
"Park_MA","Induced",14788.3200835669,"Rest of MT (2024)","Employee Compensation"
"Ravalli","Indirect",242.183848738015,"Rest of MT (2024)","Employee Compensation"
"Ravalli","Induced",124.0174623066,"Rest of MT (2024)","Employee Compensation"
"Ravalli_MA","Indirect",1839.2855825017,"Rest of MT (2024)","Employee Compensation"
"Ravalli_MA","Induced",824.854019672796,"Rest of MT (2024)","Employee Compensation"
"Rest of MT","Direct",308644.429399892,"Rest of MT (2024)","Employee Compensation"
"Rest of MT","Indirect",171635.170793901,"Rest of MT (2024)","Employee Compensation"
"Rest of MT","Induced",74518.7738378967,"Rest of MT (2024)","Employee Compensation"
"Rest of MT_MA","Direct",93366.610750804,"Rest of MT (2024)","Employee Compensation"
"Rest of MT_MA","Indirect",51916.0097904737,"Rest of MT (2024)","Employee Compensation"
"Rest of MT_MA","Induced",22513.9852052193,"Rest of MT (2024)","Employee Compensation"
"Silver Bow","Indirect",89.8445990139887,"Rest of MT (2024)","Employee Compensation"
"Silver Bow","Induced",336.418185558425,"Rest of MT (2024)","Employee Compensation"
"Silver Bow_MA","Indirect",48502.8747684449,"Rest of MT (2024)","Employee Compensation"
"Silver Bow_MA","Induced",73992.4687024856,"Rest of MT (2024)","Employee Compensation"
"Yellowstone","Indirect",461.96169682308,"Rest of MT (2024)","Employee Compensation"
"Yellowstone","Induced",218.951638014984,"Rest of MT (2024)","Employee Compensation"
"Beaverhead_MA","Indirect",10885.5963484088,"Silver Bow County, MT (2024)","Employee Compensation"
"Beaverhead_MA","Induced",5198.07115721311,"Silver Bow County, MT (2024)","Employee Compensation"
"Cascade","Indirect",30.9716339953925,"Silver Bow County, MT (2024)","Employee Compensation"
"Cascade","Induced",24.5152628224642,"Silver Bow County, MT (2024)","Employee Compensation"
"Cascade_MA","Indirect",26.4276762903193,"Silver Bow County, MT (2024)","Employee Compensation"
"Cascade_MA","Induced",20.9185421131015,"Silver Bow County, MT (2024)","Employee Compensation"
"Gallatin","Indirect",358.591486119055,"Silver Bow County, MT (2024)","Employee Compensation"
"Gallatin","Induced",127.351571254596,"Silver Bow County, MT (2024)","Employee Compensation"
"Gallatin_MA","Indirect",5258.90934654706,"Silver Bow County, MT (2024)","Employee Compensation"
"Gallatin_MA","Induced",1726.00703981651,"Silver Bow County, MT (2024)","Employee Compensation"
"Glacier","Induced",59.3421457822992,"Silver Bow County, MT (2024)","Employee Compensation"
"Lewis and Clark","Indirect",27.5664279300686,"Silver Bow County, MT (2024)","Employee Compensation"
"Lewis and Clark","Induced",63.9354784181543,"Silver Bow County, MT (2024)","Employee Compensation"
"Lewis and Clark_MA","Indirect",1684.23229510729,"Silver Bow County, MT (2024)","Employee Compensation"
"Lewis and Clark_MA","Induced",1592.70361088227,"Silver Bow County, MT (2024)","Employee Compensation"
"Madison","Indirect",12.7052598194042,"Silver Bow County, MT (2024)","Employee Compensation"
"Madison","Induced",3.11096922839208,"Silver Bow County, MT (2024)","Employee Compensation"
"Missoula","Indirect",171.70139715146,"Silver Bow County, MT (2024)","Employee Compensation"
"Missoula","Induced",48.0470949322001,"Silver Bow County, MT (2024)","Employee Compensation"
"Missoula_MA","Indirect",4103.66930630193,"Silver Bow County, MT (2024)","Employee Compensation"
"Missoula_MA","Induced",1333.93310939719,"Silver Bow County, MT (2024)","Employee Compensation"
"Park","Indirect",96.0768574764923,"Silver Bow County, MT (2024)","Employee Compensation"
"Park","Induced",20.7945483175092,"Silver Bow County, MT (2024)","Employee Compensation"
"Park_MA","Indirect",3511.02231666767,"Silver Bow County, MT (2024)","Employee Compensation"
"Park_MA","Induced",1068.6007164072,"Silver Bow County, MT (2024)","Employee Compensation"
"Ravalli","Indirect",58.1367352188578,"Silver Bow County, MT (2024)","Employee Compensation"
"Ravalli","Induced",14.2794778708197,"Silver Bow County, MT (2024)","Employee Compensation"
"Ravalli_MA","Indirect",592.853954379366,"Silver Bow County, MT (2024)","Employee Compensation"
"Ravalli_MA","Induced",149.750125849281,"Silver Bow County, MT (2024)","Employee Compensation"
"Rest of MT","Indirect",728.374944547161,"Silver Bow County, MT (2024)","Employee Compensation"
"Rest of MT","Induced",766.624813788325,"Silver Bow County, MT (2024)","Employee Compensation"
"Rest of MT_MA","Indirect",111.252235050811,"Silver Bow County, MT (2024)","Employee Compensation"
"Rest of MT_MA","Induced",207.250319772583,"Silver Bow County, MT (2024)","Employee Compensation"
"Silver Bow","Direct",17557.9141939141,"Silver Bow County, MT (2024)","Employee Compensation"
"Silver Bow","Indirect",8090.51255831337,"Silver Bow County, MT (2024)","Employee Compensation"
"Silver Bow","Induced",4989.64960518937,"Silver Bow County, MT (2024)","Employee Compensation"
"Silver Bow_MA","Direct",3465441.70987852,"Silver Bow County, MT (2024)","Employee Compensation"
"Silver Bow_MA","Indirect",1597832.19342131,"Silver Bow County, MT (2024)","Employee Compensation"
"Silver Bow_MA","Induced",985395.336200631,"Silver Bow County, MT (2024)","Employee Compensation"
"Beaverhead_MA","Indirect",1295.2744014281,"Yellowstone County, MT (2024)","Employee Compensation"
"Beaverhead_MA","Induced",377.380697882243,"Yellowstone County, MT (2024)","Employee Compensation"
"Gallatin","Indirect",1783.5647984517,"Yellowstone County, MT (2024)","Employee Compensation"
"Gallatin","Induced",577.039926110393,"Yellowstone County, MT (2024)","Employee Compensation"
"Gallatin_MA","Indirect",18782.2117476674,"Yellowstone County, MT (2024)","Employee Compensation"
"Gallatin_MA","Induced",6178.90703404188,"Yellowstone County, MT (2024)","Employee Compensation"
"Glacier","Indirect",615.877762170961,"Yellowstone County, MT (2024)","Employee Compensation"
"Glacier","Induced",253.801428214585,"Yellowstone County, MT (2024)","Employee Compensation"
"Lewis and Clark","Induced",39.1813530273854,"Yellowstone County, MT (2024)","Employee Compensation"
"Lewis and Clark_MA","Indirect",189.923801665991,"Yellowstone County, MT (2024)","Employee Compensation"
"Lewis and Clark_MA","Induced",851.676971715595,"Yellowstone County, MT (2024)","Employee Compensation"
"Missoula","Indirect",17.525926201102,"Yellowstone County, MT (2024)","Employee Compensation"
"Missoula","Induced",332.572826059371,"Yellowstone County, MT (2024)","Employee Compensation"
"Missoula_MA","Indirect",934.063690890479,"Yellowstone County, MT (2024)","Employee Compensation"
"Missoula_MA","Induced",6045.04834859837,"Yellowstone County, MT (2024)","Employee Compensation"
"Park","Indirect",5782.06726978388,"Yellowstone County, MT (2024)","Employee Compensation"
"Park","Induced",1439.49711272166,"Yellowstone County, MT (2024)","Employee Compensation"
"Park_MA","Indirect",68264.0239177558,"Yellowstone County, MT (2024)","Employee Compensation"
"Park_MA","Induced",17445.4624342079,"Yellowstone County, MT (2024)","Employee Compensation"
"Ravalli","Indirect",16.1775275271392,"Yellowstone County, MT (2024)","Employee Compensation"
"Ravalli","Induced",5.04551607868418,"Yellowstone County, MT (2024)","Employee Compensation"
"Ravalli_MA","Indirect",334.744241879978,"Yellowstone County, MT (2024)","Employee Compensation"
"Ravalli_MA","Induced",132.439821880182,"Yellowstone County, MT (2024)","Employee Compensation"
"Rest of MT","Indirect",4870.13700305705,"Yellowstone County, MT (2024)","Employee Compensation"
"Rest of MT","Induced",2967.71701573179,"Yellowstone County, MT (2024)","Employee Compensation"
"Rest of MT_MA","Indirect",1228.30401301255,"Yellowstone County, MT (2024)","Employee Compensation"
"Rest of MT_MA","Induced",822.099980019017,"Yellowstone County, MT (2024)","Employee Compensation"
"Silver Bow_MA","Indirect",5827.48670288937,"Yellowstone County, MT (2024)","Employee Compensation"
"Silver Bow_MA","Induced",2180.11130173577,"Yellowstone County, MT (2024)","Employee Compensation"
"Yellowstone","Direct",9004.5824394825,"Yellowstone County, MT (2024)","Employee Compensation"
"Yellowstone","Indirect",6861.53276850523,"Yellowstone County, MT (2024)","Employee Compensation"
"Yellowstone","Induced",3986.89693274929,"Yellowstone County, MT (2024)","Employee Compensation"
"Cascade","Indirect",76.2838955996406,"Glacier County, MT (2024)","Employee Compensation"
"Cascade","Induced",6.06081273253298,"Glacier County, MT (2024)","Employee Compensation"
"Cascade_MA","Indirect",48.1300457522408,"Glacier County, MT (2024)","Employee Compensation"
"Cascade_MA","Induced",3.35573576298434,"Glacier County, MT (2024)","Employee Compensation"
"Gallatin_MA","Indirect",22.5027039771778,"Glacier County, MT (2024)","Employee Compensation"
"Gallatin_MA","Induced",1.66352941160351,"Glacier County, MT (2024)","Employee Compensation"
"Glacier","Direct",97791.999038856,"Glacier County, MT (2024)","Employee Compensation"
"Glacier","Indirect",57250.2162667838,"Glacier County, MT (2024)","Employee Compensation"
"Glacier","Induced",10099.6631375147,"Glacier County, MT (2024)","Employee Compensation"
"Lewis and Clark_MA","Indirect",136.337889557625,"Glacier County, MT (2024)","Employee Compensation"
"Lewis and Clark_MA","Induced",10.7195747793283,"Glacier County, MT (2024)","Employee Compensation"
"Missoula_MA","Indirect",23.7938130690282,"Glacier County, MT (2024)","Employee Compensation"
"Missoula_MA","Induced",110.055968278537,"Glacier County, MT (2024)","Employee Compensation"
"Park_MA","Indirect",58.7532923131367,"Glacier County, MT (2024)","Employee Compensation"
"Park_MA","Induced",3.70949382992878,"Glacier County, MT (2024)","Employee Compensation"
"Rest of MT","Indirect",250.171204844769,"Glacier County, MT (2024)","Employee Compensation"
"Rest of MT","Induced",49.0734648392818,"Glacier County, MT (2024)","Employee Compensation"
"Rest of MT_MA","Indirect",30.4742177484564,"Glacier County, MT (2024)","Employee Compensation"
"Rest of MT_MA","Induced",4.19241164240542,"Glacier County, MT (2024)","Employee Compensation"
"Silver Bow_MA","Indirect",134.567592715453,"Glacier County, MT (2024)","Employee Compensation"
"Silver Bow_MA","Induced",11.9097478623651,"Glacier County, MT (2024)","Employee Compensation"
"Cascade","Indirect",113.726597634788,"Missoula County, MT (2024)","Employee Compensation"
"Cascade","Induced",48.584845548715,"Missoula County, MT (2024)","Employee Compensation"
"Cascade_MA","Indirect",97.0413672181032,"Missoula County, MT (2024)","Employee Compensation"
"Cascade_MA","Induced",41.4567914294615,"Missoula County, MT (2024)","Employee Compensation"
"Gallatin","Induced",103.454082835802,"Missoula County, MT (2024)","Employee Compensation"
"Gallatin_MA","Indirect",51.2908596585875,"Missoula County, MT (2024)","Employee Compensation"
"Gallatin_MA","Induced",1034.25418584868,"Missoula County, MT (2024)","Employee Compensation"
"Glacier","Indirect",53.49242764973,"Missoula County, MT (2024)","Employee Compensation"
"Glacier","Induced",70.9031600290839,"Missoula County, MT (2024)","Employee Compensation"
"Lewis and Clark","Induced",50.4249968366466,"Missoula County, MT (2024)","Employee Compensation"
"Lewis and Clark_MA","Indirect",480.499024680745,"Missoula County, MT (2024)","Employee Compensation"
"Lewis and Clark_MA","Induced",1140.33734104181,"Missoula County, MT (2024)","Employee Compensation"
"Missoula","Direct",256417.27037826,"Missoula County, MT (2024)","Employee Compensation"
"Missoula","Indirect",171272.807259861,"Missoula County, MT (2024)","Employee Compensation"
"Missoula","Induced",102221.800313563,"Missoula County, MT (2024)","Employee Compensation"
"Missoula_MA","Direct",4326546.43665461,"Missoula County, MT (2024)","Employee Compensation"
"Missoula_MA","Indirect",2891757.71137175,"Missoula County, MT (2024)","Employee Compensation"
"Missoula_MA","Induced",1726234.0098554,"Missoula County, MT (2024)","Employee Compensation"
"Park","Induced",37.2423401128477,"Missoula County, MT (2024)","Employee Compensation"
"Park_MA","Indirect",109.804594962734,"Missoula County, MT (2024)","Employee Compensation"
"Park_MA","Induced",506.441659767387,"Missoula County, MT (2024)","Employee Compensation"
"Ravalli","Indirect",6172.86276381112,"Missoula County, MT (2024)","Employee Compensation"
"Ravalli","Induced",2016.91196367153,"Missoula County, MT (2024)","Employee Compensation"
"Ravalli_MA","Indirect",38249.6129959705,"Missoula County, MT (2024)","Employee Compensation"
"Ravalli_MA","Induced",12543.4334960664,"Missoula County, MT (2024)","Employee Compensation"
"Rest of MT","Indirect",1474.36022006961,"Missoula County, MT (2024)","Employee Compensation"
"Rest of MT","Induced",953.782440500649,"Missoula County, MT (2024)","Employee Compensation"
"Rest of MT_MA","Indirect",207.756518689299,"Missoula County, MT (2024)","Employee Compensation"
"Rest of MT_MA","Induced",216.262936516171,"Missoula County, MT (2024)","Employee Compensation"
"Silver Bow","Induced",35.7012107162916,"Missoula County, MT (2024)","Employee Compensation"
"Silver Bow_MA","Indirect",2977.69622190544,"Missoula County, MT (2024)","Employee Compensation"
"Silver Bow_MA","Induced",8119.69426902608,"Missoula County, MT (2024)","Employee Compensation"
"Beaverhead_MA","Direct",10.8084643905979,"Beaverhead County, MT (2024)","FTE"
"Beaverhead_MA","Indirect",7.08965689683547,"Beaverhead County, MT (2024)","FTE"
"Beaverhead_MA","Induced",2.15616811237895,"Beaverhead County, MT (2024)","FTE"
"Gallatin","Indirect",0.00265015665542809,"Beaverhead County, MT (2024)","FTE"
"Gallatin","Induced",0.0015063924641678,"Beaverhead County, MT (2024)","FTE"
"Gallatin_MA","Indirect",0.0264857587846131,"Beaverhead County, MT (2024)","FTE"
"Gallatin_MA","Induced",0.0166423974491539,"Beaverhead County, MT (2024)","FTE"
"Glacier","Indirect",0.000197747136439112,"Beaverhead County, MT (2024)","FTE"
"Glacier","Induced",0.0000309225990910569,"Beaverhead County, MT (2024)","FTE"
"Lewis and Clark_MA","Induced",0.00168428799148918,"Beaverhead County, MT (2024)","FTE"
"Madison","Induced",0.00113187732414864,"Beaverhead County, MT (2024)","FTE"
"Missoula","Indirect",0.000425281209006912,"Beaverhead County, MT (2024)","FTE"
"Missoula","Induced",0.0000936347229524942,"Beaverhead County, MT (2024)","FTE"
"Missoula_MA","Indirect",0.0122961944893056,"Beaverhead County, MT (2024)","FTE"
"Missoula_MA","Induced",0.00686772851865661,"Beaverhead County, MT (2024)","FTE"
"Park","Indirect",0.000682053370414219,"Beaverhead County, MT (2024)","FTE"
"Park","Induced",0.000218358840559062,"Beaverhead County, MT (2024)","FTE"
"Park_MA","Indirect",0.0149609903400232,"Beaverhead County, MT (2024)","FTE"
"Park_MA","Induced",0.00729595291719384,"Beaverhead County, MT (2024)","FTE"
"Ravalli","Indirect",0.00143161422022031,"Beaverhead County, MT (2024)","FTE"
"Ravalli","Induced",0.000189223015220858,"Beaverhead County, MT (2024)","FTE"
"Ravalli_MA","Indirect",0.00963147686121677,"Beaverhead County, MT (2024)","FTE"
"Ravalli_MA","Induced",0.00131076833107039,"Beaverhead County, MT (2024)","FTE"
"Rest of MT","Indirect",0.00098146907372789,"Beaverhead County, MT (2024)","FTE"
"Rest of MT","Induced",0.000553801330076412,"Beaverhead County, MT (2024)","FTE"
"Silver Bow","Indirect",0.0042859521027738,"Beaverhead County, MT (2024)","FTE"
"Silver Bow","Induced",0.00110539167514413,"Beaverhead County, MT (2024)","FTE"
"Silver Bow_MA","Indirect",0.995175334405292,"Beaverhead County, MT (2024)","FTE"
"Silver Bow_MA","Induced",0.25154723775117,"Beaverhead County, MT (2024)","FTE"
"Beaverhead_MA","Indirect",0.00971747602336456,"Cascade County, MT (2024)","FTE"
"Beaverhead_MA","Induced",0.00304302922096808,"Cascade County, MT (2024)","FTE"
"Cascade","Direct",1.48715989799643,"Cascade County, MT (2024)","FTE"
"Cascade","Indirect",0.875028511970399,"Cascade County, MT (2024)","FTE"
"Cascade","Induced",0.300875508955214,"Cascade County, MT (2024)","FTE"
"Cascade_MA","Direct",1.26897342200417,"Cascade County, MT (2024)","FTE"
"Cascade_MA","Indirect",0.746649991492014,"Cascade County, MT (2024)","FTE"
"Cascade_MA","Induced",0.256733001414662,"Cascade County, MT (2024)","FTE"
"Gallatin","Indirect",0.000607257125686188,"Cascade County, MT (2024)","FTE"
"Gallatin","Induced",0.000363768185736524,"Cascade County, MT (2024)","FTE"
"Gallatin_MA","Indirect",0.0247133271303782,"Cascade County, MT (2024)","FTE"
"Gallatin_MA","Induced",0.0102819953667744,"Cascade County, MT (2024)","FTE"
"Glacier","Indirect",0.00871316875071034,"Cascade County, MT (2024)","FTE"
"Glacier","Induced",0.00284823409188245,"Cascade County, MT (2024)","FTE"
"Lewis and Clark","Indirect",0.00614406560280822,"Cascade County, MT (2024)","FTE"
"Lewis and Clark","Induced",0.0034440059757381,"Cascade County, MT (2024)","FTE"
"Lewis and Clark_MA","Indirect",0.144895937912006,"Cascade County, MT (2024)","FTE"
"Lewis and Clark_MA","Induced",0.0782319138747375,"Cascade County, MT (2024)","FTE"
"Missoula","Indirect",0.000491809250445095,"Cascade County, MT (2024)","FTE"
"Missoula","Induced",0.00252320718383515,"Cascade County, MT (2024)","FTE"
"Missoula_MA","Indirect",0.0178829745746992,"Cascade County, MT (2024)","FTE"
"Missoula_MA","Induced",0.0467334233563203,"Cascade County, MT (2024)","FTE"
"Park_MA","Indirect",0.0152274190860646,"Cascade County, MT (2024)","FTE"
"Park_MA","Induced",0.00609981478476123,"Cascade County, MT (2024)","FTE"
"Ravalli","Indirect",0.000274333970603772,"Cascade County, MT (2024)","FTE"
"Ravalli","Induced",0.000138909940106077,"Cascade County, MT (2024)","FTE"
"Ravalli_MA","Indirect",0.00172409930099776,"Cascade County, MT (2024)","FTE"
"Ravalli_MA","Induced",0.000872863290596269,"Cascade County, MT (2024)","FTE"
"Rest of MT","Indirect",0.0144035234853377,"Cascade County, MT (2024)","FTE"
"Rest of MT","Induced",0.0111200901867624,"Cascade County, MT (2024)","FTE"
"Rest of MT_MA","Indirect",0.00332171155937605,"Cascade County, MT (2024)","FTE"
"Rest of MT_MA","Induced",0.0029735880005097,"Cascade County, MT (2024)","FTE"
"Silver Bow_MA","Indirect",0.121133723826112,"Cascade County, MT (2024)","FTE"
"Silver Bow_MA","Induced",0.0761815323584094,"Cascade County, MT (2024)","FTE"
"Beaverhead_MA","Indirect",0.569670740932412,"Gallatin County, MT (2024)","FTE"
"Beaverhead_MA","Induced",0.123277871355242,"Gallatin County, MT (2024)","FTE"
"Cascade","Indirect",0.0202469968323767,"Gallatin County, MT (2024)","FTE"
"Cascade","Induced",0.00401245547250608,"Gallatin County, MT (2024)","FTE"
"Cascade_MA","Indirect",0.017276488486748,"Gallatin County, MT (2024)","FTE"
"Cascade_MA","Induced",0.00342377397241897,"Gallatin County, MT (2024)","FTE"
"Gallatin","Direct",2.4093972148669,"Gallatin County, MT (2024)","FTE"
"Gallatin","Indirect",1.71158395223057,"Gallatin County, MT (2024)","FTE"
"Gallatin","Induced",0.765739604663717,"Gallatin County, MT (2024)","FTE"
"Gallatin_MA","Direct",23.7299176444378,"Gallatin County, MT (2024)","FTE"
"Gallatin_MA","Indirect",16.9201361786155,"Gallatin County, MT (2024)","FTE"
"Gallatin_MA","Induced",7.56040807095251,"Gallatin County, MT (2024)","FTE"
"Glacier","Indirect",0.00768470215266147,"Gallatin County, MT (2024)","FTE"
"Glacier","Induced",0.00166676630515658,"Gallatin County, MT (2024)","FTE"
"Lewis and Clark","Indirect",0.00581538999663167,"Gallatin County, MT (2024)","FTE"
"Lewis and Clark","Induced",0.00182678590208255,"Gallatin County, MT (2024)","FTE"
"Lewis and Clark_MA","Indirect",0.123193912675731,"Gallatin County, MT (2024)","FTE"
"Lewis and Clark_MA","Induced",0.0392283354666618,"Gallatin County, MT (2024)","FTE"
"Madison","Induced",0.0192784870881556,"Gallatin County, MT (2024)","FTE"
"Missoula","Indirect",0.00152154824374392,"Gallatin County, MT (2024)","FTE"
"Missoula","Induced",0.00117411641166929,"Gallatin County, MT (2024)","FTE"
"Missoula_MA","Indirect",0.0523725779510876,"Gallatin County, MT (2024)","FTE"
"Missoula_MA","Induced",0.0284391169472099,"Gallatin County, MT (2024)","FTE"
"Park","Indirect",1.42122316700368,"Gallatin County, MT (2024)","FTE"
"Park","Induced",0.301322481279992,"Gallatin County, MT (2024)","FTE"
"Park_MA","Indirect",16.025999873045,"Gallatin County, MT (2024)","FTE"
"Park_MA","Induced",3.40812660606753,"Gallatin County, MT (2024)","FTE"
"Ravalli","Indirect",0.000603838050217962,"Gallatin County, MT (2024)","FTE"
"Ravalli","Induced",0.000184819090192654,"Gallatin County, MT (2024)","FTE"
"Ravalli_MA","Indirect",0.00490308039726544,"Gallatin County, MT (2024)","FTE"
"Ravalli_MA","Induced",0.00191886796420693,"Gallatin County, MT (2024)","FTE"
"Rest of MT","Indirect",0.0757245556991241,"Gallatin County, MT (2024)","FTE"
"Rest of MT","Induced",0.0193485871839418,"Gallatin County, MT (2024)","FTE"
"Rest of MT_MA","Indirect",0.0208943908958507,"Gallatin County, MT (2024)","FTE"
"Rest of MT_MA","Induced",0.00530745514130257,"Gallatin County, MT (2024)","FTE"
"Silver Bow","Indirect",0.00360477108755583,"Gallatin County, MT (2024)","FTE"
"Silver Bow","Induced",0.000957598050354449,"Gallatin County, MT (2024)","FTE"
"Silver Bow_MA","Indirect",1.22150791510856,"Gallatin County, MT (2024)","FTE"
"Silver Bow_MA","Induced",0.352214929493323,"Gallatin County, MT (2024)","FTE"
"Yellowstone","Indirect",0.00583683783925711,"Gallatin County, MT (2024)","FTE"
"Yellowstone","Induced",0.000839136736395389,"Gallatin County, MT (2024)","FTE"
"Beaverhead_MA","Indirect",0.0622750227553067,"Lewis and Clark County, MT (2024)","FTE"
"Beaverhead_MA","Induced",0.0117947316556863,"Lewis and Clark County, MT (2024)","FTE"
"Cascade","Indirect",0.0146893300692783,"Lewis and Clark County, MT (2024)","FTE"
"Cascade","Induced",0.00530496966455191,"Lewis and Clark County, MT (2024)","FTE"
"Cascade_MA","Indirect",0.0125342066243678,"Lewis and Clark County, MT (2024)","FTE"
"Cascade_MA","Induced",0.0045266588467886,"Lewis and Clark County, MT (2024)","FTE"
"Gallatin","Indirect",0.00576196707714689,"Lewis and Clark County, MT (2024)","FTE"
"Gallatin","Induced",0.00282430090730767,"Lewis and Clark County, MT (2024)","FTE"
"Gallatin_MA","Indirect",0.0598808602494304,"Lewis and Clark County, MT (2024)","FTE"
"Gallatin_MA","Induced",0.0288094940345527,"Lewis and Clark County, MT (2024)","FTE"
"Glacier","Indirect",0.0136815974244393,"Lewis and Clark County, MT (2024)","FTE"
"Glacier","Induced",0.0029204173295867,"Lewis and Clark County, MT (2024)","FTE"
"Lewis and Clark","Direct",0.488407438521059,"Lewis and Clark County, MT (2024)","FTE"
"Lewis and Clark","Indirect",0.321904059475502,"Lewis and Clark County, MT (2024)","FTE"
"Lewis and Clark","Induced",0.176778506711331,"Lewis and Clark County, MT (2024)","FTE"
"Lewis and Clark_MA","Direct",8.94565577835229,"Lewis and Clark County, MT (2024)","FTE"
"Lewis and Clark_MA","Indirect",5.89598495559751,"Lewis and Clark County, MT (2024)","FTE"
"Lewis and Clark_MA","Induced",3.23786974833824,"Lewis and Clark County, MT (2024)","FTE"
"Missoula","Indirect",0.00510693290216591,"Lewis and Clark County, MT (2024)","FTE"
"Missoula","Induced",0.00192854448253778,"Lewis and Clark County, MT (2024)","FTE"
"Missoula_MA","Indirect",0.0952319332348618,"Lewis and Clark County, MT (2024)","FTE"
"Missoula_MA","Induced",0.0443487100276311,"Lewis and Clark County, MT (2024)","FTE"
"Park","Indirect",0.00267144423707041,"Lewis and Clark County, MT (2024)","FTE"
"Park","Induced",0.00213895579737875,"Lewis and Clark County, MT (2024)","FTE"
"Park_MA","Indirect",0.0523011176299941,"Lewis and Clark County, MT (2024)","FTE"
"Park_MA","Induced",0.0331103020609754,"Lewis and Clark County, MT (2024)","FTE"
"Ravalli","Indirect",0.000997562863551123,"Lewis and Clark County, MT (2024)","FTE"
"Ravalli","Induced",0.000468285462534946,"Lewis and Clark County, MT (2024)","FTE"
"Ravalli_MA","Indirect",0.00739687092180499,"Lewis and Clark County, MT (2024)","FTE"
"Ravalli_MA","Induced",0.00310504550608323,"Lewis and Clark County, MT (2024)","FTE"
"Rest of MT","Indirect",0.0264961313101865,"Lewis and Clark County, MT (2024)","FTE"
"Rest of MT","Induced",0.0113856776284803,"Lewis and Clark County, MT (2024)","FTE"
"Rest of MT_MA","Indirect",0.00724859868027532,"Lewis and Clark County, MT (2024)","FTE"
"Rest of MT_MA","Induced",0.00318494682168047,"Lewis and Clark County, MT (2024)","FTE"
"Silver Bow","Indirect",0.00140880458481032,"Lewis and Clark County, MT (2024)","FTE"
"Silver Bow","Induced",0.00105995387871983,"Lewis and Clark County, MT (2024)","FTE"
"Silver Bow_MA","Indirect",0.391551626058752,"Lewis and Clark County, MT (2024)","FTE"
"Silver Bow_MA","Induced",0.24257991164361,"Lewis and Clark County, MT (2024)","FTE"
"Beaverhead_MA","Indirect",0.136319698619864,"Madison County, MT (2024)","FTE"
"Beaverhead_MA","Induced",0.092954990261831,"Madison County, MT (2024)","FTE"
"Gallatin","Indirect",0.021072355939945,"Madison County, MT (2024)","FTE"
"Gallatin","Induced",0.00939343762844054,"Madison County, MT (2024)","FTE"
"Gallatin_MA","Indirect",0.220489066570889,"Madison County, MT (2024)","FTE"
"Gallatin_MA","Induced",0.0943335575548458,"Madison County, MT (2024)","FTE"
"Lewis and Clark_MA","Indirect",0.000248473572095556,"Madison County, MT (2024)","FTE"
"Lewis and Clark_MA","Induced",0.0028389841359784,"Madison County, MT (2024)","FTE"
"Madison","Direct",0.0912767282016811,"Madison County, MT (2024)","FTE"
"Madison","Indirect",0.057518863575161,"Madison County, MT (2024)","FTE"
"Madison","Induced",0.04436921247804,"Madison County, MT (2024)","FTE"
"Missoula","Induced",0.000628117459612803,"Madison County, MT (2024)","FTE"
"Missoula_MA","Indirect",0.000440354313364092,"Madison County, MT (2024)","FTE"
"Missoula_MA","Induced",0.0108191893402638,"Madison County, MT (2024)","FTE"
"Park","Indirect",0.00748644033215961,"Madison County, MT (2024)","FTE"
"Park","Induced",0.00339004957704791,"Madison County, MT (2024)","FTE"
"Park_MA","Indirect",0.0882107102013996,"Madison County, MT (2024)","FTE"
"Park_MA","Induced",0.0387741780697725,"Madison County, MT (2024)","FTE"
"Rest of MT","Indirect",0.000351439484586841,"Madison County, MT (2024)","FTE"
"Rest of MT","Induced",0.000993260277563825,"Madison County, MT (2024)","FTE"
"Rest of MT_MA","Induced",0.000268789671424188,"Madison County, MT (2024)","FTE"
"Silver Bow","Indirect",0.000281272960976157,"Madison County, MT (2024)","FTE"
"Silver Bow","Induced",0.000424940020091156,"Madison County, MT (2024)","FTE"
"Silver Bow_MA","Indirect",0.0682074722994042,"Madison County, MT (2024)","FTE"
"Silver Bow_MA","Induced",0.0930255022453787,"Madison County, MT (2024)","FTE"
"Beaverhead_MA","Indirect",0.0120913388533567,"Park County, MT (2024)","FTE"
"Beaverhead_MA","Induced",0.00175781683427558,"Park County, MT (2024)","FTE"
"Gallatin","Indirect",0.15034746941054,"Park County, MT (2024)","FTE"
"Gallatin","Induced",0.0182395968069425,"Park County, MT (2024)","FTE"
"Gallatin_MA","Indirect",1.54217884468428,"Park County, MT (2024)","FTE"
"Gallatin_MA","Induced",0.189167309255895,"Park County, MT (2024)","FTE"
"Lewis and Clark_MA","Induced",0.000968055532919956,"Park County, MT (2024)","FTE"
"Madison","Induced",0.000730400586352784,"Park County, MT (2024)","FTE"
"Missoula_MA","Indirect",0.00231519543721019,"Park County, MT (2024)","FTE"
"Missoula_MA","Induced",0.00433942658536017,"Park County, MT (2024)","FTE"
"Park","Direct",3.46407460287231,"Park County, MT (2024)","FTE"
"Park","Indirect",1.77580333195938,"Park County, MT (2024)","FTE"
"Park","Induced",0.228394102685927,"Park County, MT (2024)","FTE"
"Park_MA","Direct",38.7408750047051,"Park County, MT (2024)","FTE"
"Park_MA","Indirect",19.9064705922607,"Park County, MT (2024)","FTE"
"Park_MA","Induced",2.56147280270759,"Park County, MT (2024)","FTE"
"Rest of MT","Indirect",0.0338168414107093,"Park County, MT (2024)","FTE"
"Rest of MT","Induced",0.0051561080439952,"Park County, MT (2024)","FTE"
"Rest of MT_MA","Indirect",0.0095813766870313,"Park County, MT (2024)","FTE"
"Rest of MT_MA","Induced",0.00147759922528722,"Park County, MT (2024)","FTE"
"Silver Bow_MA","Indirect",0.0192271919989734,"Park County, MT (2024)","FTE"
"Silver Bow_MA","Induced",0.00522614132121305,"Park County, MT (2024)","FTE"
"Beaverhead_MA","Indirect",0.0179926168586541,"Ravalli County, MT (2024)","FTE"
"Beaverhead_MA","Induced",0.0025668023584036,"Ravalli County, MT (2024)","FTE"
"Gallatin_MA","Induced",0.00171285742901369,"Ravalli County, MT (2024)","FTE"
"Lewis and Clark_MA","Induced",0.00152257905996631,"Ravalli County, MT (2024)","FTE"
"Missoula","Indirect",0.120095624150211,"Ravalli County, MT (2024)","FTE"
"Missoula","Induced",0.164480141249749,"Ravalli County, MT (2024)","FTE"
"Missoula_MA","Indirect",2.08073610963786,"Ravalli County, MT (2024)","FTE"
"Missoula_MA","Induced",2.78959310147503,"Ravalli County, MT (2024)","FTE"
"Park_MA","Induced",0.000704005611120613,"Ravalli County, MT (2024)","FTE"
"Ravalli","Direct",2.0655668870719,"Ravalli County, MT (2024)","FTE"
"Ravalli","Indirect",1.13471028130698,"Ravalli County, MT (2024)","FTE"
"Ravalli","Induced",0.399240650269166,"Ravalli County, MT (2024)","FTE"
"Ravalli_MA","Direct",12.1632778879536,"Ravalli County, MT (2024)","FTE"
"Ravalli_MA","Indirect",6.68892181429568,"Ravalli County, MT (2024)","FTE"
"Ravalli_MA","Induced",2.35284183528647,"Ravalli County, MT (2024)","FTE"
"Rest of MT","Indirect",0.00086936668408883,"Ravalli County, MT (2024)","FTE"
"Rest of MT","Induced",0.00288543728427001,"Ravalli County, MT (2024)","FTE"
"Rest of MT_MA","Induced",0.0006307468806808,"Ravalli County, MT (2024)","FTE"
"Silver Bow_MA","Indirect",0.00168321025323939,"Ravalli County, MT (2024)","FTE"
"Silver Bow_MA","Induced",0.00406759527601628,"Ravalli County, MT (2024)","FTE"
"Beaverhead_MA","Indirect",0.154599974745836,"Rest of MT (2024)","FTE"
"Beaverhead_MA","Induced",0.0406695393123785,"Rest of MT (2024)","FTE"
"Cascade","Indirect",0.0334498247374261,"Rest of MT (2024)","FTE"
"Cascade","Induced",0.010950755007478,"Rest of MT (2024)","FTE"
"Cascade_MA","Indirect",0.0285422829244373,"Rest of MT (2024)","FTE"
"Cascade_MA","Induced",0.0093441311012288,"Rest of MT (2024)","FTE"
"Gallatin","Indirect",0.0113294967401632,"Rest of MT (2024)","FTE"
"Gallatin","Induced",0.0137409123784931,"Rest of MT (2024)","FTE"
"Gallatin_MA","Indirect",0.164106662621614,"Rest of MT (2024)","FTE"
"Gallatin_MA","Induced",0.156771127160648,"Rest of MT (2024)","FTE"
"Glacier","Indirect",0.93122819538274,"Rest of MT (2024)","FTE"
"Glacier","Induced",0.147635523909879,"Rest of MT (2024)","FTE"
"Lewis and Clark","Indirect",0.00092374856837231,"Rest of MT (2024)","FTE"
"Lewis and Clark","Induced",0.0268234003854317,"Rest of MT (2024)","FTE"
"Lewis and Clark_MA","Indirect",0.0580125117667594,"Rest of MT (2024)","FTE"
"Lewis and Clark_MA","Induced",0.503768776005061,"Rest of MT (2024)","FTE"
"Madison","Induced",0.00097032819139157,"Rest of MT (2024)","FTE"
"Missoula","Indirect",0.0228896558011328,"Rest of MT (2024)","FTE"
"Missoula","Induced",0.0515277084751344,"Rest of MT (2024)","FTE"
"Missoula_MA","Indirect",0.501098429964576,"Rest of MT (2024)","FTE"
"Missoula_MA","Induced",0.907063997627514,"Rest of MT (2024)","FTE"
"Park","Indirect",0.096402194143279,"Rest of MT (2024)","FTE"
"Park","Induced",0.0254020447861929,"Rest of MT (2024)","FTE"
"Park_MA","Indirect",1.19787589002693,"Rest of MT (2024)","FTE"
"Park_MA","Induced",0.313846852170962,"Rest of MT (2024)","FTE"
"Ravalli","Indirect",0.00418976886627412,"Rest of MT (2024)","FTE"
"Ravalli","Induced",0.00263153034901397,"Rest of MT (2024)","FTE"
"Ravalli_MA","Indirect",0.0366114479577636,"Rest of MT (2024)","FTE"
"Ravalli_MA","Induced",0.0175038371811999,"Rest of MT (2024)","FTE"
"Rest of MT","Direct",7.07894364756802,"Rest of MT (2024)","FTE"
"Rest of MT","Indirect",5.12922413822849,"Rest of MT (2024)","FTE"
"Rest of MT","Induced",1.58147918876431,"Rest of MT (2024)","FTE"
"Rest of MT_MA","Direct",2.14141877549659,"Rest of MT (2024)","FTE"
"Rest of MT_MA","Indirect",1.55124761355315,"Rest of MT (2024)","FTE"
"Rest of MT_MA","Induced",0.477804653570201,"Rest of MT (2024)","FTE"
"Silver Bow","Indirect",0.00730135428512487,"Rest of MT (2024)","FTE"
"Silver Bow","Induced",0.00713722518391518,"Rest of MT (2024)","FTE"
"Silver Bow_MA","Indirect",2.10777966114033,"Rest of MT (2024)","FTE"
"Silver Bow_MA","Induced",1.56986110409981,"Rest of MT (2024)","FTE"
"Yellowstone","Indirect",0.0232484966651612,"Rest of MT (2024)","FTE"
"Yellowstone","Induced",0.00464732639553741,"Rest of MT (2024)","FTE"
"Beaverhead_MA","Indirect",0.167529312858277,"Silver Bow County, MT (2024)","FTE"
"Beaverhead_MA","Induced",0.102589712619977,"Silver Bow County, MT (2024)","FTE"
"Cascade","Indirect",0.0017812248619213,"Silver Bow County, MT (2024)","FTE"
"Cascade","Induced",0.000485023109076934,"Silver Bow County, MT (2024)","FTE"
"Cascade_MA","Indirect",0.00151989507748051,"Silver Bow County, MT (2024)","FTE"
"Cascade_MA","Induced",0.000413863657368427,"Silver Bow County, MT (2024)","FTE"
"Gallatin","Indirect",0.00398456498364159,"Silver Bow County, MT (2024)","FTE"
"Gallatin","Induced",0.00251311990991544,"Silver Bow County, MT (2024)","FTE"
"Gallatin_MA","Indirect",0.0689480638019195,"Silver Bow County, MT (2024)","FTE"
"Gallatin_MA","Induced",0.034062690506065,"Silver Bow County, MT (2024)","FTE"
"Glacier","Induced",0.00117079612491617,"Silver Bow County, MT (2024)","FTE"
"Lewis and Clark","Indirect",0.000184135383352823,"Silver Bow County, MT (2024)","FTE"
"Lewis and Clark","Induced",0.00126144007827476,"Silver Bow County, MT (2024)","FTE"
"Lewis and Clark_MA","Indirect",0.0264823779337729,"Silver Bow County, MT (2024)","FTE"
"Lewis and Clark_MA","Induced",0.0314339968128005,"Silver Bow County, MT (2024)","FTE"
"Madison","Indirect",0.0000848672847050803,"Silver Bow County, MT (2024)","FTE"
"Madison","Induced",0.0000613882367906328,"Silver Bow County, MT (2024)","FTE"
"Missoula","Indirect",0.00219661350571414,"Silver Bow County, MT (2024)","FTE"
"Missoula","Induced",0.000948712916697471,"Silver Bow County, MT (2024)","FTE"
"Missoula_MA","Indirect",0.0579506950237374,"Silver Bow County, MT (2024)","FTE"
"Missoula_MA","Induced",0.0263448430806811,"Silver Bow County, MT (2024)","FTE"
"Park","Indirect",0.00083638607056313,"Silver Bow County, MT (2024)","FTE"
"Park","Induced",0.000410343794170633,"Silver Bow County, MT (2024)","FTE"
"Park_MA","Indirect",0.0465243552020451,"Silver Bow County, MT (2024)","FTE"
"Park_MA","Induced",0.0210898401314961,"Silver Bow County, MT (2024)","FTE"
"Ravalli","Indirect",0.000811619357918697,"Silver Bow County, MT (2024)","FTE"
"Ravalli","Induced",0.000281977750112036,"Silver Bow County, MT (2024)","FTE"
"Ravalli_MA","Indirect",0.00804053118894758,"Silver Bow County, MT (2024)","FTE"
"Ravalli_MA","Induced",0.00295754891352213,"Silver Bow County, MT (2024)","FTE"
"Rest of MT","Indirect",0.0162964408935398,"Silver Bow County, MT (2024)","FTE"
"Rest of MT","Induced",0.0151313951931452,"Silver Bow County, MT (2024)","FTE"
"Rest of MT_MA","Indirect",0.0029788544975806,"Silver Bow County, MT (2024)","FTE"
"Rest of MT_MA","Induced",0.00409048509852115,"Silver Bow County, MT (2024)","FTE"
"Silver Bow","Direct",0.304180307604473,"Silver Bow County, MT (2024)","FTE"
"Silver Bow","Indirect",0.217458694815141,"Silver Bow County, MT (2024)","FTE"
"Silver Bow","Induced",0.0984941946587638,"Silver Bow County, MT (2024)","FTE"
"Silver Bow_MA","Direct",60.0366942026403,"Silver Bow County, MT (2024)","FTE"
"Silver Bow_MA","Indirect",42.9344767926654,"Silver Bow County, MT (2024)","FTE"
"Silver Bow_MA","Induced",19.4514072709243,"Silver Bow County, MT (2024)","FTE"
"Beaverhead_MA","Indirect",0.0153254700696451,"Yellowstone County, MT (2024)","FTE"
"Beaverhead_MA","Induced",0.00618176092627528,"Yellowstone County, MT (2024)","FTE"
"Gallatin","Indirect",0.0206150036831191,"Yellowstone County, MT (2024)","FTE"
"Gallatin","Induced",0.00944910972993004,"Yellowstone County, MT (2024)","FTE"
"Gallatin_MA","Indirect",0.221274306773031,"Yellowstone County, MT (2024)","FTE"
"Gallatin_MA","Induced",0.10118135423443,"Yellowstone County, MT (2024)","FTE"
"Glacier","Indirect",0.00879016536635298,"Yellowstone County, MT (2024)","FTE"
"Glacier","Induced",0.00415732013214273,"Yellowstone County, MT (2024)","FTE"
"Lewis and Clark","Induced",0.000641461134676776,"Yellowstone County, MT (2024)","FTE"
"Lewis and Clark_MA","Indirect",0.00284375347499754,"Yellowstone County, MT (2024)","FTE"
"Lewis and Clark_MA","Induced",0.0139441177429112,"Yellowstone County, MT (2024)","FTE"
"Missoula","Indirect",0.000158116619104632,"Yellowstone County, MT (2024)","FTE"
"Missoula","Induced",0.00544480438520238,"Yellowstone County, MT (2024)","FTE"
"Missoula_MA","Indirect",0.0115521117188229,"Yellowstone County, MT (2024)","FTE"
"Missoula_MA","Induced",0.0989709364478395,"Yellowstone County, MT (2024)","FTE"
"Park","Indirect",0.0765115163000057,"Yellowstone County, MT (2024)","FTE"
"Park","Induced",0.02357365424792,"Yellowstone County, MT (2024)","FTE"
"Park_MA","Indirect",0.907361653175053,"Yellowstone County, MT (2024)","FTE"
"Park_MA","Induced",0.285696283222601,"Yellowstone County, MT (2024)","FTE"
"Ravalli","Indirect",0.000145951542230193,"Yellowstone County, MT (2024)","FTE"
"Ravalli","Induced",0.0000826478136910102,"Yellowstone County, MT (2024)","FTE"
"Ravalli_MA","Indirect",0.00353092165270297,"Yellowstone County, MT (2024)","FTE"
"Ravalli_MA","Induced",0.00216928463361275,"Yellowstone County, MT (2024)","FTE"
"Rest of MT","Indirect",0.0817825277647458,"Yellowstone County, MT (2024)","FTE"
"Rest of MT","Induced",0.0486055784117525,"Yellowstone County, MT (2024)","FTE"
"Rest of MT_MA","Indirect",0.020985993299475,"Yellowstone County, MT (2024)","FTE"
"Rest of MT_MA","Induced",0.0134643250626677,"Yellowstone County, MT (2024)","FTE"
"Silver Bow_MA","Indirect",0.0778653203342738,"Yellowstone County, MT (2024)","FTE"
"Silver Bow_MA","Induced",0.0357068224609457,"Yellowstone County, MT (2024)","FTE"
"Yellowstone","Direct",0.296086568513019,"Yellowstone County, MT (2024)","FTE"
"Yellowstone","Indirect",0.160730663843292,"Yellowstone County, MT (2024)","FTE"
"Yellowstone","Induced",0.0653057651306033,"Yellowstone County, MT (2024)","FTE"
"Cascade","Indirect",0.00192166547331938,"Glacier County, MT (2024)","FTE"
"Cascade","Induced",0.000136842262177492,"Glacier County, MT (2024)","FTE"
"Cascade_MA","Indirect",0.000760836614545966,"Glacier County, MT (2024)","FTE"
"Cascade_MA","Induced",0.0000757401345185547,"Glacier County, MT (2024)","FTE"
"Gallatin_MA","Indirect",0.000354973077383131,"Glacier County, MT (2024)","FTE"
"Gallatin_MA","Induced",0.000037546443653557,"Glacier County, MT (2024)","FTE"
"Glacier","Direct",2.94241896776145,"Glacier County, MT (2024)","FTE"
"Glacier","Indirect",1.95136476735662,"Glacier County, MT (2024)","FTE"
"Glacier","Induced",0.227983236008895,"Glacier County, MT (2024)","FTE"
"Lewis and Clark_MA","Indirect",0.00223352509320979,"Glacier County, MT (2024)","FTE"
"Lewis and Clark_MA","Induced",0.000241956219135907,"Glacier County, MT (2024)","FTE"
"Missoula_MA","Indirect",0.000329192536004979,"Glacier County, MT (2024)","FTE"
"Missoula_MA","Induced",0.00248379623359695,"Glacier County, MT (2024)","FTE"
"Park_MA","Indirect",0.000894354384443079,"Glacier County, MT (2024)","FTE"
"Park_MA","Induced",0.0000837271456968604,"Glacier County, MT (2024)","FTE"
"Rest of MT","Indirect",0.012281240004369,"Glacier County, MT (2024)","FTE"
"Rest of MT","Induced",0.00110805358719744,"Glacier County, MT (2024)","FTE"
"Rest of MT_MA","Indirect",0.00274328941622006,"Glacier County, MT (2024)","FTE"
"Rest of MT_MA","Induced",0.0000947581851328751,"Glacier County, MT (2024)","FTE"
"Silver Bow_MA","Indirect",0.00423781003713586,"Glacier County, MT (2024)","FTE"
"Silver Bow_MA","Induced",0.00026894649970354,"Glacier County, MT (2024)","FTE"
"Cascade","Indirect",0.0040870578716559,"Missoula County, MT (2024)","FTE"
"Cascade","Induced",0.000812515567352319,"Missoula County, MT (2024)","FTE"
"Cascade_MA","Indirect",0.00348743119035928,"Missoula County, MT (2024)","FTE"
"Cascade_MA","Induced",0.000693308541552141,"Missoula County, MT (2024)","FTE"
"Gallatin","Induced",0.00172742422446676,"Missoula County, MT (2024)","FTE"
"Gallatin_MA","Indirect",0.000905584379206741,"Missoula County, MT (2024)","FTE"
"Gallatin_MA","Induced",0.0172696400966425,"Missoula County, MT (2024)","FTE"
"Glacier","Indirect",0.000659750269941894,"Missoula County, MT (2024)","FTE"
"Glacier","Induced",0.00118403301817108,"Missoula County, MT (2024)","FTE"
"Lewis and Clark","Induced",0.000841971226911685,"Missoula County, MT (2024)","FTE"
"Lewis and Clark_MA","Indirect",0.0168156323064544,"Missoula County, MT (2024)","FTE"
"Lewis and Clark_MA","Induced",0.0190458286472459,"Missoula County, MT (2024)","FTE"
"Missoula","Direct",3.64928157056414,"Missoula County, MT (2024)","FTE"
"Missoula","Indirect",3.16981870073788,"Missoula County, MT (2024)","FTE"
"Missoula","Induced",1.70740218848489,"Missoula County, MT (2024)","FTE"
"Missoula_MA","Direct",61.5745817439771,"Missoula County, MT (2024)","FTE"
"Missoula_MA","Indirect",53.5159722185852,"Missoula County, MT (2024)","FTE"
"Missoula_MA","Induced",28.8331470338537,"Missoula County, MT (2024)","FTE"
"Park","Induced",0.000621853857511555,"Missoula County, MT (2024)","FTE"
"Park_MA","Indirect",0.0016947312191751,"Missoula County, MT (2024)","FTE"
"Park_MA","Induced",0.00845660920954013,"Missoula County, MT (2024)","FTE"
"Ravalli","Indirect",0.11083490656894,"Missoula County, MT (2024)","FTE"
"Ravalli","Induced",0.0336983751116312,"Missoula County, MT (2024)","FTE"
"Ravalli_MA","Indirect",0.685053678885161,"Missoula County, MT (2024)","FTE"
"Ravalli_MA","Induced",0.209575735989956,"Missoula County, MT (2024)","FTE"
"Rest of MT","Indirect",0.0249124642355809,"Missoula County, MT (2024)","FTE"
"Rest of MT","Induced",0.0159305172147342,"Missoula County, MT (2024)","FTE"
"Rest of MT_MA","Indirect",0.00332360127671684,"Missoula County, MT (2024)","FTE"
"Rest of MT_MA","Induced",0.00361168524302151,"Missoula County, MT (2024)","FTE"
"Silver Bow","Induced",0.000596120854234398,"Missoula County, MT (2024)","FTE"
"Silver Bow_MA","Indirect",0.03560931957134,"Missoula County, MT (2024)","FTE"
"Silver Bow_MA","Induced",0.135584884593768,"Missoula County, MT (2024)","FTE"
"Beaverhead_MA","Direct",350880.244573911,"Beaverhead County, MT (2024)","Total Wage"
"Beaverhead_MA","Indirect",206262.536378289,"Beaverhead County, MT (2024)","Total Wage"
"Beaverhead_MA","Induced",74823.3442372341,"Beaverhead County, MT (2024)","Total Wage"
"Gallatin","Indirect",154.90750360721,"Beaverhead County, MT (2024)","Total Wage"
"Gallatin","Induced",52.2846864766784,"Beaverhead County, MT (2024)","Total Wage"
"Gallatin_MA","Indirect",1540.4410402905,"Beaverhead County, MT (2024)","Total Wage"
"Gallatin_MA","Induced",577.647983642314,"Beaverhead County, MT (2024)","Total Wage"
"Glacier","Indirect",7.68136434166849,"Beaverhead County, MT (2024)","Total Wage"
"Glacier","Induced",1.07298015496759,"Beaverhead County, MT (2024)","Total Wage"
"Lewis and Clark_MA","Induced",58.4744064178298,"Beaverhead County, MT (2024)","Total Wage"
"Madison","Induced",39.296043789325,"Beaverhead County, MT (2024)","Total Wage"
"Missoula","Indirect",16.5197836634828,"Beaverhead County, MT (2024)","Total Wage"
"Missoula","Induced",3.24902183183465,"Beaverhead County, MT (2024)","Total Wage"
"Missoula_MA","Indirect",534.949515456113,"Beaverhead County, MT (2024)","Total Wage"
"Missoula_MA","Induced",238.366573655966,"Beaverhead County, MT (2024)","Total Wage"
"Park","Indirect",50.0877644891717,"Beaverhead County, MT (2024)","Total Wage"
"Park","Induced",7.57617222585045,"Beaverhead County, MT (2024)","Total Wage"
"Park_MA","Indirect",791.335487622725,"Beaverhead County, MT (2024)","Total Wage"
"Park_MA","Induced",253.230628674474,"Beaverhead County, MT (2024)","Total Wage"
"Ravalli","Indirect",46.0153961032902,"Beaverhead County, MT (2024)","Total Wage"
"Ravalli","Induced",6.56629232466617,"Beaverhead County, MT (2024)","Total Wage"
"Ravalli_MA","Indirect",312.421479121882,"Beaverhead County, MT (2024)","Total Wage"
"Ravalli_MA","Induced",45.4828905553337,"Beaverhead County, MT (2024)","Total Wage"
"Rest of MT","Indirect",31.987477141239,"Beaverhead County, MT (2024)","Total Wage"
"Rest of MT","Induced",19.2244832678604,"Beaverhead County, MT (2024)","Total Wage"
"Silver Bow","Indirect",133.441182931434,"Beaverhead County, MT (2024)","Total Wage"
"Silver Bow","Induced",38.3684553120391,"Beaverhead County, MT (2024)","Total Wage"
"Silver Bow_MA","Indirect",32236.1706414823,"Beaverhead County, MT (2024)","Total Wage"
"Silver Bow_MA","Induced",8730.37000836201,"Beaverhead County, MT (2024)","Total Wage"
"Beaverhead_MA","Indirect",317.064237761347,"Cascade County, MT (2024)","Total Wage"
"Beaverhead_MA","Induced",143.500680063343,"Cascade County, MT (2024)","Total Wage"
"Cascade","Direct",26549.4587747674,"Cascade County, MT (2024)","Total Wage"
"Cascade","Indirect",26563.3586938346,"Cascade County, MT (2024)","Total Wage"
"Cascade","Induced",14185.9430859384,"Cascade County, MT (2024)","Total Wage"
"Cascade_MA","Direct",22654.2939997003,"Cascade County, MT (2024)","Total Wage"
"Cascade_MA","Indirect",22666.154612596,"Cascade County, MT (2024)","Total Wage"
"Cascade_MA","Induced",12104.6733215253,"Cascade County, MT (2024)","Total Wage"
"Gallatin","Indirect",53.8772754782149,"Cascade County, MT (2024)","Total Wage"
"Gallatin","Induced",17.1546021682476,"Cascade County, MT (2024)","Total Wage"
"Gallatin_MA","Indirect",1344.75215132442,"Cascade County, MT (2024)","Total Wage"
"Gallatin_MA","Induced",484.872151175739,"Cascade County, MT (2024)","Total Wage"
"Glacier","Indirect",563.71467306546,"Cascade County, MT (2024)","Total Wage"
"Glacier","Induced",134.313546498871,"Cascade County, MT (2024)","Total Wage"
"Lewis and Clark","Indirect",425.669337351262,"Cascade County, MT (2024)","Total Wage"
"Lewis and Clark","Induced",162.407883414328,"Cascade County, MT (2024)","Total Wage"
"Lewis and Clark_MA","Indirect",9930.67515865249,"Cascade County, MT (2024)","Total Wage"
"Lewis and Clark_MA","Induced",3689.10943595438,"Cascade County, MT (2024)","Total Wage"
"Missoula","Indirect",36.9625655846888,"Cascade County, MT (2024)","Total Wage"
"Missoula","Induced",118.989048068987,"Cascade County, MT (2024)","Total Wage"
"Missoula_MA","Indirect",1229.73796699004,"Cascade County, MT (2024)","Total Wage"
"Missoula_MA","Induced",2203.84506120447,"Cascade County, MT (2024)","Total Wage"
"Park_MA","Indirect",753.025926692002,"Cascade County, MT (2024)","Total Wage"
"Park_MA","Induced",287.652091894983,"Cascade County, MT (2024)","Total Wage"
"Ravalli","Indirect",20.6179273191244,"Cascade County, MT (2024)","Total Wage"
"Ravalli","Induced",6.55013123561579,"Cascade County, MT (2024)","Total Wage"
"Ravalli_MA","Indirect",129.576931361034,"Cascade County, MT (2024)","Total Wage"
"Ravalli_MA","Induced",41.1588191585928,"Cascade County, MT (2024)","Total Wage"
"Rest of MT","Indirect",610.251763333525,"Cascade County, MT (2024)","Total Wage"
"Rest of MT","Induced",524.397028945446,"Cascade County, MT (2024)","Total Wage"
"Rest of MT_MA","Indirect",109.984331760356,"Cascade County, MT (2024)","Total Wage"
"Rest of MT_MA","Induced",140.228279548407,"Cascade County, MT (2024)","Total Wage"
"Silver Bow_MA","Indirect",8579.81073907159,"Cascade County, MT (2024)","Total Wage"
"Silver Bow_MA","Induced",3592.46013566697,"Cascade County, MT (2024)","Total Wage"
"Beaverhead_MA","Indirect",16295.1085425845,"Gallatin County, MT (2024)","Total Wage"
"Beaverhead_MA","Induced",6369.28407652089,"Gallatin County, MT (2024)","Total Wage"
"Cascade","Indirect",469.527428715787,"Gallatin County, MT (2024)","Total Wage"
"Cascade","Induced",207.167476599745,"Gallatin County, MT (2024)","Total Wage"
"Cascade_MA","Indirect",400.641402948672,"Gallatin County, MT (2024)","Total Wage"
"Cascade_MA","Induced",176.773205129405,"Gallatin County, MT (2024)","Total Wage"
"Gallatin","Direct",121557.050853292,"Gallatin County, MT (2024)","Total Wage"
"Gallatin","Indirect",71144.1570762671,"Gallatin County, MT (2024)","Total Wage"
"Gallatin","Induced",39578.1451296952,"Gallatin County, MT (2024)","Total Wage"
"Gallatin_MA","Direct",1197203.51133913,"Gallatin County, MT (2024)","Total Wage"
"Gallatin_MA","Indirect",704899.054248454,"Gallatin County, MT (2024)","Total Wage"
"Gallatin_MA","Induced",390768.584099481,"Gallatin County, MT (2024)","Total Wage"
"Glacier","Indirect",359.984231403268,"Gallatin County, MT (2024)","Total Wage"
"Glacier","Induced",86.1276736147787,"Gallatin County, MT (2024)","Total Wage"
"Lewis and Clark","Indirect",210.780976757004,"Gallatin County, MT (2024)","Total Wage"
"Lewis and Clark","Induced",94.3895551617462,"Gallatin County, MT (2024)","Total Wage"
"Lewis and Clark_MA","Indirect",4689.41663152791,"Gallatin County, MT (2024)","Total Wage"
"Lewis and Clark_MA","Induced",2026.88262638065,"Gallatin County, MT (2024)","Total Wage"
"Madison","Induced",996.866716800465,"Gallatin County, MT (2024)","Total Wage"
"Missoula","Indirect",85.3007928241171,"Gallatin County, MT (2024)","Total Wage"
"Missoula","Induced",60.702742397268,"Gallatin County, MT (2024)","Total Wage"
"Missoula_MA","Indirect",2844.18955664019,"Gallatin County, MT (2024)","Total Wage"
"Missoula_MA","Induced",1470.11779068857,"Gallatin County, MT (2024)","Total Wage"
"Park","Indirect",68710.8555132657,"Gallatin County, MT (2024)","Total Wage"
"Park","Induced",15573.9962677969,"Gallatin County, MT (2024)","Total Wage"
"Park_MA","Indirect",775565.825778643,"Gallatin County, MT (2024)","Total Wage"
"Park_MA","Induced",176150.697846917,"Gallatin County, MT (2024)","Total Wage"
"Ravalli","Indirect",30.6339470276411,"Gallatin County, MT (2024)","Total Wage"
"Ravalli","Induced",9.54678866433311,"Gallatin County, MT (2024)","Total Wage"
"Ravalli_MA","Indirect",249.985967808474,"Gallatin County, MT (2024)","Total Wage"
"Ravalli_MA","Induced",99.1494037458277,"Gallatin County, MT (2024)","Total Wage"
"Rest of MT","Indirect",2718.67857021799,"Gallatin County, MT (2024)","Total Wage"
"Rest of MT","Induced",999.713458463949,"Gallatin County, MT (2024)","Total Wage"
"Rest of MT_MA","Indirect",704.473823509866,"Gallatin County, MT (2024)","Total Wage"
"Rest of MT_MA","Induced",274.221982933425,"Gallatin County, MT (2024)","Total Wage"
"Silver Bow","Indirect",99.7589856480033,"Gallatin County, MT (2024)","Total Wage"
"Silver Bow","Induced",49.4845177796049,"Gallatin County, MT (2024)","Total Wage"
"Silver Bow_MA","Indirect",48896.5431918703,"Gallatin County, MT (2024)","Total Wage"
"Silver Bow_MA","Induced",18201.8088935493,"Gallatin County, MT (2024)","Total Wage"
"Yellowstone","Indirect",116.811772674753,"Gallatin County, MT (2024)","Total Wage"
"Yellowstone","Induced",43.3296942763288,"Gallatin County, MT (2024)","Total Wage"
"Beaverhead_MA","Indirect",2696.51717606936,"Lewis and Clark County, MT (2024)","Total Wage"
"Beaverhead_MA","Induced",578.847260278826,"Lewis and Clark County, MT (2024)","Total Wage"
"Cascade","Indirect",848.450768643774,"Lewis and Clark County, MT (2024)","Total Wage"
"Cascade","Induced",260.365731901156,"Lewis and Clark County, MT (2024)","Total Wage"
"Cascade_MA","Indirect",723.971562666859,"Lewis and Clark County, MT (2024)","Total Wage"
"Cascade_MA","Induced",222.166556688597,"Lewis and Clark County, MT (2024)","Total Wage"
"Gallatin","Indirect",333.685069761276,"Lewis and Clark County, MT (2024)","Total Wage"
"Gallatin","Induced",138.641741771438,"Lewis and Clark County, MT (2024)","Total Wage"
"Gallatin_MA","Indirect",3484.42067302398,"Lewis and Clark County, MT (2024)","Total Wage"
"Gallatin_MA","Induced",1414.22036889012,"Lewis and Clark County, MT (2024)","Total Wage"
"Glacier","Indirect",670.418180662585,"Lewis and Clark County, MT (2024)","Total Wage"
"Glacier","Induced",143.316925933287,"Lewis and Clark County, MT (2024)","Total Wage"
"Lewis and Clark","Direct",26694.4135309824,"Lewis and Clark County, MT (2024)","Total Wage"
"Lewis and Clark","Indirect",16081.9398129848,"Lewis and Clark County, MT (2024)","Total Wage"
"Lewis and Clark","Induced",8676.84896609845,"Lewis and Clark County, MT (2024)","Total Wage"
"Lewis and Clark_MA","Direct",488934.065738767,"Lewis and Clark County, MT (2024)","Total Wage"
"Lewis and Clark_MA","Indirect",294556.320130529,"Lewis and Clark County, MT (2024)","Total Wage"
"Lewis and Clark_MA","Induced",158924.901566833,"Lewis and Clark County, MT (2024)","Total Wage"
"Missoula","Indirect",360.310794441131,"Lewis and Clark County, MT (2024)","Total Wage"
"Missoula","Induced",94.657582876719,"Lewis and Clark County, MT (2024)","Total Wage"
"Missoula_MA","Indirect",6614.69909985215,"Lewis and Clark County, MT (2024)","Total Wage"
"Missoula_MA","Induced",2176.80189733963,"Lewis and Clark County, MT (2024)","Total Wage"
"Park","Indirect",233.387127459027,"Lewis and Clark County, MT (2024)","Total Wage"
"Park","Induced",104.999476124248,"Lewis and Clark County, MT (2024)","Total Wage"
"Park_MA","Indirect",3438.10520619212,"Lewis and Clark County, MT (2024)","Total Wage"
"Park_MA","Induced",1625.36218232677,"Lewis and Clark County, MT (2024)","Total Wage"
"Ravalli","Indirect",86.9153986429578,"Lewis and Clark County, MT (2024)","Total Wage"
"Ravalli","Induced",22.9861726458225,"Lewis and Clark County, MT (2024)","Total Wage"
"Ravalli_MA","Indirect",586.964897154382,"Lewis and Clark County, MT (2024)","Total Wage"
"Ravalli_MA","Induced",152.413920721081,"Lewis and Clark County, MT (2024)","Total Wage"
"Rest of MT","Indirect",1321.75578340339,"Lewis and Clark County, MT (2024)","Total Wage"
"Rest of MT","Induced",558.872694266943,"Lewis and Clark County, MT (2024)","Total Wage"
"Rest of MT_MA","Indirect",341.172419648817,"Lewis and Clark County, MT (2024)","Total Wage"
"Rest of MT_MA","Induced",156.337067855471,"Lewis and Clark County, MT (2024)","Total Wage"
"Silver Bow","Indirect",123.516034034909,"Lewis and Clark County, MT (2024)","Total Wage"
"Silver Bow","Induced",52.0318832757155,"Lewis and Clark County, MT (2024)","Total Wage"
"Silver Bow_MA","Indirect",30949.1289302715,"Lewis and Clark County, MT (2024)","Total Wage"
"Silver Bow_MA","Induced",11907.6866585161,"Lewis and Clark County, MT (2024)","Total Wage"
"Beaverhead_MA","Indirect",2852.197828335,"Madison County, MT (2024)","Total Wage"
"Beaverhead_MA","Induced",3360.65110666314,"Madison County, MT (2024)","Total Wage"
"Gallatin","Indirect",3335.80627854507,"Madison County, MT (2024)","Total Wage"
"Gallatin","Induced",339.578725093653,"Madison County, MT (2024)","Total Wage"
"Gallatin_MA","Indirect",33485.8752441195,"Madison County, MT (2024)","Total Wage"
"Gallatin_MA","Induced",3410.2742352435,"Madison County, MT (2024)","Total Wage"
"Lewis and Clark_MA","Indirect",37.0709261806087,"Madison County, MT (2024)","Total Wage"
"Lewis and Clark_MA","Induced",102.619597532214,"Madison County, MT (2024)","Total Wage"
"Madison","Direct",18743.0038888243,"Madison County, MT (2024)","Total Wage"
"Madison","Indirect",3503.69749110755,"Madison County, MT (2024)","Total Wage"
"Madison","Induced",1604.05884151654,"Madison County, MT (2024)","Total Wage"
"Missoula","Induced",22.704203903237,"Madison County, MT (2024)","Total Wage"
"Missoula_MA","Indirect",42.1553905829249,"Madison County, MT (2024)","Total Wage"
"Missoula_MA","Induced",391.090948519072,"Madison County, MT (2024)","Total Wage"
"Park","Indirect",1207.2092582844,"Madison County, MT (2024)","Total Wage"
"Park","Induced",122.552147383389,"Madison County, MT (2024)","Total Wage"
"Park_MA","Indirect",13791.0357341954,"Madison County, MT (2024)","Total Wage"
"Park_MA","Induced",1401.73049035726,"Madison County, MT (2024)","Total Wage"
"Rest of MT","Indirect",52.4328888589394,"Madison County, MT (2024)","Total Wage"
"Rest of MT","Induced",35.9034576447369,"Madison County, MT (2024)","Total Wage"
"Rest of MT_MA","Induced",9.71578709316687,"Madison County, MT (2024)","Total Wage"
"Silver Bow","Indirect",41.964419334457,"Madison County, MT (2024)","Total Wage"
"Silver Bow","Induced",15.3605806600734,"Madison County, MT (2024)","Total Wage"
"Silver Bow_MA","Indirect",9700.78288207565,"Madison County, MT (2024)","Total Wage"
"Silver Bow_MA","Induced",3362.69916332703,"Madison County, MT (2024)","Total Wage"
"Beaverhead_MA","Indirect",186.957831547862,"Park County, MT (2024)","Total Wage"
"Beaverhead_MA","Induced",68.4062670546872,"Park County, MT (2024)","Total Wage"
"Gallatin","Indirect",2284.24432531457,"Park County, MT (2024)","Total Wage"
"Gallatin","Induced",709.937016839604,"Park County, MT (2024)","Total Wage"
"Gallatin_MA","Indirect",24572.1274964928,"Park County, MT (2024)","Total Wage"
"Gallatin_MA","Induced",7362.9542680954,"Park County, MT (2024)","Total Wage"
"Lewis and Clark_MA","Induced",37.6937790292532,"Park County, MT (2024)","Total Wage"
"Madison","Induced",28.4400608937951,"Park County, MT (2024)","Total Wage"
"Missoula_MA","Indirect",92.5706486662519,"Park County, MT (2024)","Total Wage"
"Missoula_MA","Induced",168.964986107384,"Park County, MT (2024)","Total Wage"
"Park","Direct",38182.7623632684,"Park County, MT (2024)","Total Wage"
"Park","Indirect",34850.0009814385,"Park County, MT (2024)","Total Wage"
"Park","Induced",8886.96459236509,"Park County, MT (2024)","Total Wage"
"Park_MA","Direct",427021.295333305,"Park County, MT (2024)","Total Wage"
"Park_MA","Indirect",391526.193106524,"Park County, MT (2024)","Total Wage"
"Park_MA","Induced",99668.6962772534,"Park County, MT (2024)","Total Wage"
"Rest of MT","Indirect",478.708633038739,"Park County, MT (2024)","Total Wage"
"Rest of MT","Induced",200.6884536865,"Park County, MT (2024)","Total Wage"
"Rest of MT_MA","Indirect",118.076250425146,"Park County, MT (2024)","Total Wage"
"Rest of MT_MA","Induced",57.5123650701944,"Park County, MT (2024)","Total Wage"
"Silver Bow_MA","Indirect",388.004451398789,"Park County, MT (2024)","Total Wage"
"Silver Bow_MA","Induced",203.4379831368,"Park County, MT (2024)","Total Wage"
"Beaverhead_MA","Indirect",577.782033070501,"Ravalli County, MT (2024)","Total Wage"
"Beaverhead_MA","Induced",91.417666384021,"Ravalli County, MT (2024)","Total Wage"
"Gallatin_MA","Induced",61.0277066046984,"Ravalli County, MT (2024)","Total Wage"
"Lewis and Clark_MA","Induced",54.2482442380431,"Ravalli County, MT (2024)","Total Wage"
"Missoula","Indirect",3968.13674841506,"Ravalli County, MT (2024)","Total Wage"
"Missoula","Induced",5860.04949514182,"Ravalli County, MT (2024)","Total Wage"
"Missoula_MA","Indirect",69125.6162565411,"Ravalli County, MT (2024)","Total Wage"
"Missoula_MA","Induced",99386.6190528767,"Ravalli County, MT (2024)","Total Wage"
"Park_MA","Induced",25.0831430309234,"Ravalli County, MT (2024)","Total Wage"
"Ravalli","Direct",21025.3417543252,"Ravalli County, MT (2024)","Total Wage"
"Ravalli","Indirect",30390.258012766,"Ravalli County, MT (2024)","Total Wage"
"Ravalli","Induced",14211.7654533569,"Ravalli County, MT (2024)","Total Wage"
"Ravalli_MA","Direct",123809.631170829,"Ravalli County, MT (2024)","Total Wage"
"Ravalli_MA","Indirect",179195.404499117,"Ravalli County, MT (2024)","Total Wage"
"Ravalli_MA","Induced",83754.1352773086,"Ravalli County, MT (2024)","Total Wage"
"Rest of MT","Indirect",33.3059362941322,"Ravalli County, MT (2024)","Total Wage"
"Rest of MT","Induced",102.804150661934,"Ravalli County, MT (2024)","Total Wage"
"Rest of MT_MA","Induced",22.4729944967935,"Ravalli County, MT (2024)","Total Wage"
"Silver Bow_MA","Indirect",83.2179853585631,"Ravalli County, MT (2024)","Total Wage"
"Silver Bow_MA","Induced",144.908455918731,"Ravalli County, MT (2024)","Total Wage"
"Beaverhead_MA","Indirect",1966.75662639759,"Rest of MT (2024)","Total Wage"
"Beaverhead_MA","Induced",1612.12025084431,"Rest of MT (2024)","Total Wage"
"Cascade","Indirect",634.834827144416,"Rest of MT (2024)","Total Wage"
"Cascade","Induced",434.033367448134,"Rest of MT (2024)","Total Wage"
"Cascade_MA","Indirect",541.695969676296,"Rest of MT (2024)","Total Wage"
"Cascade_MA","Induced",370.354800648327,"Rest of MT (2024)","Total Wage"
"Gallatin","Indirect",571.876231699736,"Rest of MT (2024)","Total Wage"
"Gallatin","Induced",544.905955336678,"Rest of MT (2024)","Total Wage"
"Gallatin_MA","Indirect",7782.61721055793,"Rest of MT (2024)","Total Wage"
"Gallatin_MA","Induced",6216.59211988153,"Rest of MT (2024)","Total Wage"
"Glacier","Indirect",18108.7056196638,"Rest of MT (2024)","Total Wage"
"Glacier","Induced",5849.395028983,"Rest of MT (2024)","Total Wage"
"Lewis and Clark","Indirect",18.9298812590714,"Rest of MT (2024)","Total Wage"
"Lewis and Clark","Induced",1063.78312044406,"Rest of MT (2024)","Total Wage"
"Lewis and Clark_MA","Indirect",2286.10990569363,"Rest of MT (2024)","Total Wage"
"Lewis and Clark_MA","Induced",19978.5224917272,"Rest of MT (2024)","Total Wage"
"Madison","Induced",38.4824011804912,"Rest of MT (2024)","Total Wage"
"Missoula","Indirect",704.984370681996,"Rest of MT (2024)","Total Wage"
"Missoula","Induced",2043.42054912353,"Rest of MT (2024)","Total Wage"
"Missoula_MA","Indirect",16470.7253459204,"Rest of MT (2024)","Total Wage"
"Missoula_MA","Induced",35970.2288334533,"Rest of MT (2024)","Total Wage"
"Park","Indirect",3769.56523574798,"Rest of MT (2024)","Total Wage"
"Park","Induced",1006.98494552538,"Rest of MT (2024)","Total Wage"
"Park_MA","Indirect",47114.6225181647,"Rest of MT (2024)","Total Wage"
"Park_MA","Induced",12441.2639455912,"Rest of MT (2024)","Total Wage"
"Ravalli","Indirect",204.408706123698,"Rest of MT (2024)","Total Wage"
"Ravalli","Induced",104.333382503239,"Rest of MT (2024)","Total Wage"
"Ravalli_MA","Indirect",1548.95416622143,"Rest of MT (2024)","Total Wage"
"Ravalli_MA","Induced",693.936479179533,"Rest of MT (2024)","Total Wage"
"Rest of MT","Direct",255381.750927718,"Rest of MT (2024)","Total Wage"
"Rest of MT","Indirect",144472.289665398,"Rest of MT (2024)","Total Wage"
"Rest of MT","Induced",62691.8780463503,"Rest of MT (2024)","Total Wage"
"Rest of MT_MA","Direct",77254.3621736117,"Rest of MT (2024)","Total Wage"
"Rest of MT_MA","Indirect",43699.7368456549,"Rest of MT (2024)","Total Wage"
"Rest of MT_MA","Induced",18940.7848846535,"Rest of MT (2024)","Total Wage"
"Silver Bow","Indirect",77.1195244435795,"Rest of MT (2024)","Total Wage"
"Silver Bow","Induced",283.018314321987,"Rest of MT (2024)","Total Wage"
"Silver Bow_MA","Indirect",41302.2489310917,"Rest of MT (2024)","Total Wage"
"Silver Bow_MA","Induced",62247.8394684897,"Rest of MT (2024)","Total Wage"
"Yellowstone","Indirect",389.208140384803,"Rest of MT (2024)","Total Wage"
"Yellowstone","Induced",184.203485198478,"Rest of MT (2024)","Total Wage"
"Beaverhead_MA","Indirect",9270.64499727633,"Silver Bow County, MT (2024)","Total Wage"
"Beaverhead_MA","Induced",4371.94750106868,"Silver Bow County, MT (2024)","Total Wage"
"Cascade","Indirect",26.4921829318742,"Silver Bow County, MT (2024)","Total Wage"
"Cascade","Induced",20.6211594662394,"Silver Bow County, MT (2024)","Total Wage"
"Cascade_MA","Indirect",22.6054212978124,"Silver Bow County, MT (2024)","Total Wage"
"Cascade_MA","Induced",17.5957564003856,"Silver Bow County, MT (2024)","Total Wage"
"Gallatin","Indirect",288.686911985036,"Silver Bow County, MT (2024)","Total Wage"
"Gallatin","Induced",107.11119369833,"Silver Bow County, MT (2024)","Total Wage"
"Gallatin_MA","Indirect",4264.94071110749,"Silver Bow County, MT (2024)","Total Wage"
"Gallatin_MA","Induced",1451.69120026036,"Silver Bow County, MT (2024)","Total Wage"
"Glacier","Induced",49.9102864524114,"Silver Bow County, MT (2024)","Total Wage"
"Lewis and Clark","Indirect",21.4740037684893,"Silver Bow County, MT (2024)","Total Wage"
"Lewis and Clark","Induced",53.7735873272363,"Silver Bow County, MT (2024)","Total Wage"
"Lewis and Clark_MA","Indirect",1380.44278660545,"Silver Bow County, MT (2024)","Total Wage"
"Lewis and Clark_MA","Induced",1339.57738738286,"Silver Bow County, MT (2024)","Total Wage"
"Madison","Indirect",9.89728513007386,"Silver Bow County, MT (2024)","Total Wage"
"Madison","Induced",2.616528485484,"Silver Bow County, MT (2024)","Total Wage"
"Missoula","Indirect",142.068468365793,"Silver Bow County, MT (2024)","Total Wage"
"Missoula","Induced",40.4118122945215,"Silver Bow County, MT (2024)","Total Wage"
"Missoula_MA","Indirect",3438.70964177474,"Silver Bow County, MT (2024)","Total Wage"
"Missoula_MA","Induced",1121.96447886471,"Silver Bow County, MT (2024)","Total Wage"
"Park","Indirect",75.767152746139,"Silver Bow County, MT (2024)","Total Wage"
"Park","Induced",17.4895892661729,"Silver Bow County, MT (2024)","Total Wage"
"Park_MA","Indirect",2869.56448170115,"Silver Bow County, MT (2024)","Total Wage"
"Park_MA","Induced",898.768874922337,"Silver Bow County, MT (2024)","Total Wage"
"Ravalli","Indirect",47.8520966939262,"Silver Bow County, MT (2024)","Total Wage"
"Ravalli","Induced",12.0103303672008,"Silver Bow County, MT (2024)","Total Wage"
"Ravalli_MA","Indirect",494.060118626506,"Silver Bow County, MT (2024)","Total Wage"
"Ravalli_MA","Induced",125.954121145852,"Silver Bow County, MT (2024)","Total Wage"
"Rest of MT","Indirect",613.018836911229,"Silver Bow County, MT (2024)","Total Wage"
"Rest of MT","Induced",644.788093053789,"Silver Bow County, MT (2024)","Total Wage"
"Rest of MT_MA","Indirect",94.3395575051924,"Silver Bow County, MT (2024)","Total Wage"
"Rest of MT_MA","Induced",174.312554670264,"Silver Bow County, MT (2024)","Total Wage"
"Silver Bow","Direct",14527.9501016712,"Silver Bow County, MT (2024)","Total Wage"
"Silver Bow","Indirect",6829.61642826089,"Silver Bow County, MT (2024)","Total Wage"
"Silver Bow","Induced",4196.68154020174,"Silver Bow County, MT (2024)","Total Wage"
"Silver Bow_MA","Direct",2867411.45248426,"Silver Bow County, MT (2024)","Total Wage"
"Silver Bow_MA","Indirect",1348814.30996942,"Silver Bow County, MT (2024)","Total Wage"
"Silver Bow_MA","Induced",828793.747233706,"Silver Bow County, MT (2024)","Total Wage"
"Beaverhead_MA","Indirect",1111.11139286522,"Yellowstone County, MT (2024)","Total Wage"
"Beaverhead_MA","Induced",318.372326075704,"Yellowstone County, MT (2024)","Total Wage"
"Gallatin","Indirect",1458.53575614108,"Yellowstone County, MT (2024)","Total Wage"
"Gallatin","Induced",486.803117381229,"Yellowstone County, MT (2024)","Total Wage"
"Gallatin_MA","Indirect",15392.6274001853,"Yellowstone County, MT (2024)","Total Wage"
"Gallatin_MA","Induced",5212.65950848601,"Yellowstone County, MT (2024)","Total Wage"
"Glacier","Indirect",530.165044727187,"Yellowstone County, MT (2024)","Total Wage"
"Glacier","Induced",214.115922805679,"Yellowstone County, MT (2024)","Total Wage"
"Lewis and Clark","Induced",33.0538250281746,"Yellowstone County, MT (2024)","Total Wage"
"Lewis and Clark_MA","Indirect",161.754166508801,"Yellowstone County, MT (2024)","Total Wage"
"Lewis and Clark_MA","Induced",718.48646386259,"Yellowstone County, MT (2024)","Total Wage"
"Missoula","Indirect",13.5658987364038,"Yellowstone County, MT (2024)","Total Wage"
"Missoula","Induced",280.562297577622,"Yellowstone County, MT (2024)","Total Wage"
"Missoula_MA","Indirect",766.563770304894,"Yellowstone County, MT (2024)","Total Wage"
"Missoula_MA","Induced",5099.68099626561,"Yellowstone County, MT (2024)","Total Wage"
"Park","Indirect",4864.94233247534,"Yellowstone County, MT (2024)","Total Wage"
"Park","Induced",1214.39508389071,"Yellowstone County, MT (2024)","Total Wage"
"Park_MA","Indirect",57472.5035934604,"Yellowstone County, MT (2024)","Total Wage"
"Park_MA","Induced",14717.4313590245,"Yellowstone County, MT (2024)","Total Wage"
"Ravalli","Indirect",12.5221741618857,"Yellowstone County, MT (2024)","Total Wage"
"Ravalli","Induced",4.25658048042161,"Yellowstone County, MT (2024)","Total Wage"
"Ravalli_MA","Indirect",281.612607913301,"Yellowstone County, MT (2024)","Total Wage"
"Ravalli_MA","Induced",111.730645298055,"Yellowstone County, MT (2024)","Total Wage"
"Rest of MT","Indirect",4174.1284349173,"Yellowstone County, MT (2024)","Total Wage"
"Rest of MT","Induced",2503.65400834432,"Yellowstone County, MT (2024)","Total Wage"
"Rest of MT_MA","Indirect",1050.64629598081,"Yellowstone County, MT (2024)","Total Wage"
"Rest of MT_MA","Induced",693.547577883053,"Yellowstone County, MT (2024)","Total Wage"
"Silver Bow_MA","Indirect",4914.55778744282,"Yellowstone County, MT (2024)","Total Wage"
"Silver Bow_MA","Induced",1839.20857316782,"Yellowstone County, MT (2024)","Total Wage"
"Yellowstone","Direct",7450.66429431182,"Yellowstone County, MT (2024)","Total Wage"
"Yellowstone","Indirect",5819.75360261863,"Yellowstone County, MT (2024)","Total Wage"
"Yellowstone","Induced",3363.48699044736,"Yellowstone County, MT (2024)","Total Wage"
"Cascade","Indirect",58.2122396456922,"Glacier County, MT (2024)","Total Wage"
"Cascade","Induced",5.0697990851596,"Glacier County, MT (2024)","Total Wage"
"Cascade_MA","Indirect",36.0872566771748,"Glacier County, MT (2024)","Total Wage"
"Cascade_MA","Induced",2.80692704371765,"Glacier County, MT (2024)","Total Wage"
"Gallatin_MA","Indirect",16.8682214298252,"Glacier County, MT (2024)","Total Wage"
"Gallatin_MA","Induced",1.39147001810965,"Glacier County, MT (2024)","Total Wage"
"Glacier","Direct",80916.0625053986,"Glacier County, MT (2024)","Total Wage"
"Glacier","Indirect",47246.3269250354,"Glacier County, MT (2024)","Total Wage"
"Glacier","Induced",8448.05174941975,"Glacier County, MT (2024)","Total Wage"
"Lewis and Clark_MA","Indirect",102.64004228954,"Glacier County, MT (2024)","Total Wage"
"Lewis and Clark_MA","Induced",8.96650537122126,"Glacier County, MT (2024)","Total Wage"
"Missoula_MA","Indirect",19.7723125307595,"Glacier County, MT (2024)","Total Wage"
"Missoula_MA","Induced",92.0561988208513,"Glacier County, MT (2024)","Total Wage"
"Park_MA","Indirect",45.4039549718257,"Glacier County, MT (2024)","Total Wage"
"Park_MA","Induced",3.1028406840166,"Glacier County, MT (2024)","Total Wage"
"Rest of MT","Indirect",200.507222234131,"Glacier County, MT (2024)","Total Wage"
"Rest of MT","Induced",41.0496352440548,"Glacier County, MT (2024)","Total Wage"
"Rest of MT_MA","Indirect",24.9970985344551,"Glacier County, MT (2024)","Total Wage"
"Rest of MT_MA","Induced",3.50731278384721,"Glacier County, MT (2024)","Total Wage"
"Silver Bow_MA","Indirect",105.070284399862,"Glacier County, MT (2024)","Total Wage"
"Silver Bow_MA","Induced",9.9625505243018,"Glacier County, MT (2024)","Total Wage"
"Cascade","Indirect",97.7978216589693,"Missoula County, MT (2024)","Total Wage"
"Cascade","Induced",41.0152327710218,"Missoula County, MT (2024)","Total Wage"
"Cascade_MA","Indirect",83.4495581694566,"Missoula County, MT (2024)","Total Wage"
"Cascade_MA","Induced",34.997743251322,"Missoula County, MT (2024)","Total Wage"
"Gallatin","Induced",87.3286141891067,"Missoula County, MT (2024)","Total Wage"
"Gallatin_MA","Indirect",43.1099929105098,"Missoula County, MT (2024)","Total Wage"
"Gallatin_MA","Induced",873.044663267818,"Missoula County, MT (2024)","Total Wage"
"Glacier","Indirect",45.7123072167989,"Missoula County, MT (2024)","Total Wage"
"Glacier","Induced",59.8517654731913,"Missoula County, MT (2024)","Total Wage"
"Lewis and Clark","Induced",42.5652132185402,"Missoula County, MT (2024)","Total Wage"
"Lewis and Clark_MA","Indirect",411.674772744012,"Missoula County, MT (2024)","Total Wage"
"Lewis and Clark_MA","Induced",962.605366482451,"Missoula County, MT (2024)","Total Wage"
"Missoula","Direct",212167.417389095,"Missoula County, MT (2024)","Total Wage"
"Missoula","Indirect",144436.62763215,"Missoula County, MT (2024)","Total Wage"
"Missoula","Induced",86289.8673673946,"Missoula County, MT (2024)","Total Wage"
"Missoula_MA","Direct",3579915.58963584,"Missoula County, MT (2024)","Total Wage"
"Missoula_MA","Indirect",2438689.13489052,"Missoula County, MT (2024)","Total Wage"
"Missoula_MA","Induced",1457189.21543309,"Missoula County, MT (2024)","Total Wage"
"Park","Induced",31.4373474885116,"Missoula County, MT (2024)","Total Wage"
"Park_MA","Indirect",92.5504864312351,"Missoula County, MT (2024)","Total Wage"
"Park_MA","Induced",427.502996034543,"Missoula County, MT (2024)","Total Wage"
"Ravalli","Indirect",5296.80648145315,"Missoula County, MT (2024)","Total Wage"
"Ravalli","Induced",1702.58960552754,"Missoula County, MT (2024)","Total Wage"
"Ravalli_MA","Indirect",32814.2975046151,"Missoula County, MT (2024)","Total Wage"
"Ravalli_MA","Induced",10588.6257847714,"Missoula County, MT (2024)","Total Wage"
"Rest of MT","Indirect",1260.57632472772,"Missoula County, MT (2024)","Total Wage"
"Rest of MT","Induced",805.128103466477,"Missoula County, MT (2024)","Total Wage"
"Rest of MT_MA","Indirect",176.954521473408,"Missoula County, MT (2024)","Total Wage"
"Rest of MT_MA","Induced",182.555537371846,"Missoula County, MT (2024)","Total Wage"
"Silver Bow","Induced",30.1364351339847,"Missoula County, MT (2024)","Total Wage"
"Silver Bow_MA","Indirect",2532.81782524014,"Missoula County, MT (2024)","Total Wage"
"Silver Bow_MA","Induced",6854.08781451949,"Missoula County, MT (2024)","Total Wage"
"Beaverhead_MA","Direct",951153.041611147,"Beaverhead County, MT (2024)","Value Added"
"Beaverhead_MA","Indirect",586287.761900433,"Beaverhead County, MT (2024)","Value Added"
"Beaverhead_MA","Induced",217926.488784397,"Beaverhead County, MT (2024)","Value Added"
"Gallatin","Indirect",291.912399528625,"Beaverhead County, MT (2024)","Value Added"
"Gallatin","Induced",152.256555526049,"Beaverhead County, MT (2024)","Value Added"
"Gallatin_MA","Indirect",2990.60804012511,"Beaverhead County, MT (2024)","Value Added"
"Gallatin_MA","Induced",1682.11297728341,"Beaverhead County, MT (2024)","Value Added"
"Glacier","Indirect",83.6753364914151,"Beaverhead County, MT (2024)","Value Added"
"Glacier","Induced",3.12534838214936,"Beaverhead County, MT (2024)","Value Added"
"Lewis and Clark_MA","Induced",170.242768949742,"Beaverhead County, MT (2024)","Value Added"
"Madison","Induced",114.406758670835,"Beaverhead County, MT (2024)","Value Added"
"Missoula","Indirect",179.954809500294,"Beaverhead County, MT (2024)","Value Added"
"Missoula","Induced",9.4636653610794,"Beaverhead County, MT (2024)","Value Added"
"Missoula_MA","Indirect",3618.01817971095,"Beaverhead County, MT (2024)","Value Added"
"Missoula_MA","Induced",694.145410145217,"Beaverhead County, MT (2024)","Value Added"
"Park","Indirect",84.22757227526,"Beaverhead County, MT (2024)","Value Added"
"Park","Induced",22.069299238295,"Beaverhead County, MT (2024)","Value Added"
"Park_MA","Indirect",1611.34963688098,"Beaverhead County, MT (2024)","Value Added"
"Park_MA","Induced",737.427980888621,"Beaverhead County, MT (2024)","Value Added"
"Ravalli","Indirect",185.991272903967,"Beaverhead County, MT (2024)","Value Added"
"Ravalli","Induced",19.1249499847014,"Beaverhead County, MT (2024)","Value Added"
"Ravalli_MA","Indirect",1203.64350820354,"Beaverhead County, MT (2024)","Value Added"
"Ravalli_MA","Induced",132.479660132416,"Beaverhead County, MT (2024)","Value Added"
"Rest of MT","Indirect",146.794886856117,"Beaverhead County, MT (2024)","Value Added"
"Rest of MT","Induced",55.9757704557795,"Beaverhead County, MT (2024)","Value Added"
"Silver Bow","Indirect",367.845014266437,"Beaverhead County, MT (2024)","Value Added"
"Silver Bow","Induced",111.726665087122,"Beaverhead County, MT (2024)","Value Added"
"Silver Bow_MA","Indirect",90022.6680296079,"Beaverhead County, MT (2024)","Value Added"
"Silver Bow_MA","Induced",25424.6184480215,"Beaverhead County, MT (2024)","Value Added"
"Beaverhead_MA","Indirect",729.184891805192,"Cascade County, MT (2024)","Value Added"
"Beaverhead_MA","Induced",345.558003434849,"Cascade County, MT (2024)","Value Added"
"Cascade","Direct",81998.3171635762,"Cascade County, MT (2024)","Value Added"
"Cascade","Indirect",64449.4284085405,"Cascade County, MT (2024)","Value Added"
"Cascade","Induced",34155.7367355943,"Cascade County, MT (2024)","Value Added"
"Cascade_MA","Direct",69968.0547262153,"Cascade County, MT (2024)","Value Added"
"Cascade_MA","Indirect",54993.8253606642,"Cascade County, MT (2024)","Value Added"
"Cascade_MA","Induced",29144.6280825849,"Cascade County, MT (2024)","Value Added"
"Gallatin","Indirect",89.142990145008,"Cascade County, MT (2024)","Value Added"
"Gallatin","Induced",41.3099022479182,"Cascade County, MT (2024)","Value Added"
"Gallatin_MA","Indirect",2386.50651438199,"Cascade County, MT (2024)","Value Added"
"Gallatin_MA","Induced",1167.60473638105,"Cascade County, MT (2024)","Value Added"
"Glacier","Indirect",1145.70289224428,"Cascade County, MT (2024)","Value Added"
"Glacier","Induced",323.43263220641,"Cascade County, MT (2024)","Value Added"
"Lewis and Clark","Indirect",622.069046872973,"Cascade County, MT (2024)","Value Added"
"Lewis and Clark","Induced",391.084298040897,"Cascade County, MT (2024)","Value Added"
"Lewis and Clark_MA","Indirect",14848.3247821713,"Cascade County, MT (2024)","Value Added"
"Lewis and Clark_MA","Induced",8883.42178255305,"Cascade County, MT (2024)","Value Added"
"Missoula","Indirect",174.783616226801,"Cascade County, MT (2024)","Value Added"
"Missoula","Induced",286.535878904041,"Cascade County, MT (2024)","Value Added"
"Missoula_MA","Indirect",4089.66883778545,"Cascade County, MT (2024)","Value Added"
"Missoula_MA","Induced",5307.04273241719,"Cascade County, MT (2024)","Value Added"
"Park_MA","Indirect",1463.26192562484,"Cascade County, MT (2024)","Value Added"
"Park_MA","Induced",692.686924824213,"Cascade County, MT (2024)","Value Added"
"Ravalli","Indirect",97.4952858096705,"Cascade County, MT (2024)","Value Added"
"Ravalli","Induced",15.7721870161038,"Cascade County, MT (2024)","Value Added"
"Ravalli_MA","Indirect",612.725991407781,"Cascade County, MT (2024)","Value Added"
"Ravalli_MA","Induced",99.1071124806698,"Cascade County, MT (2024)","Value Added"
"Rest of MT","Indirect",1194.90913662166,"Cascade County, MT (2024)","Value Added"
"Rest of MT","Induced",1262.78815728365,"Cascade County, MT (2024)","Value Added"
"Rest of MT_MA","Indirect",259.821461043112,"Cascade County, MT (2024)","Value Added"
"Rest of MT_MA","Induced",337.682236467062,"Cascade County, MT (2024)","Value Added"
"Silver Bow_MA","Indirect",13773.1086354355,"Cascade County, MT (2024)","Value Added"
"Silver Bow_MA","Induced",8650.7639331777,"Cascade County, MT (2024)","Value Added"
"Beaverhead_MA","Indirect",45364.6879616227,"Gallatin County, MT (2024)","Value Added"
"Beaverhead_MA","Induced",17075.7804161715,"Gallatin County, MT (2024)","Value Added"
"Cascade","Indirect",2423.32054639801,"Gallatin County, MT (2024)","Value Added"
"Cascade","Induced",555.248292381141,"Gallatin County, MT (2024)","Value Added"
"Cascade_MA","Indirect",2067.78663849037,"Gallatin County, MT (2024)","Value Added"
"Cascade_MA","Induced",473.7858562446,"Gallatin County, MT (2024)","Value Added"
"Gallatin","Direct",331849.027795246,"Gallatin County, MT (2024)","Value Added"
"Gallatin","Indirect",198411.821910668,"Gallatin County, MT (2024)","Value Added"
"Gallatin","Induced",106124.746055808,"Gallatin County, MT (2024)","Value Added"
"Gallatin_MA","Direct",3268348.6356578,"Gallatin County, MT (2024)","Value Added"
"Gallatin_MA","Indirect",1962603.33092815,"Gallatin County, MT (2024)","Value Added"
"Gallatin_MA","Induced",1047806.04882724,"Gallatin County, MT (2024)","Value Added"
"Glacier","Indirect",1769.54508354497,"Gallatin County, MT (2024)","Value Added"
"Glacier","Induced",230.918675280674,"Gallatin County, MT (2024)","Value Added"
"Lewis and Clark","Indirect",700.717842590171,"Gallatin County, MT (2024)","Value Added"
"Lewis and Clark","Induced",253.061971409769,"Gallatin County, MT (2024)","Value Added"
"Lewis and Clark_MA","Indirect",14695.5444644424,"Gallatin County, MT (2024)","Value Added"
"Lewis and Clark_MA","Induced",5434.1090855427,"Gallatin County, MT (2024)","Value Added"
"Madison","Induced",2673.48912696002,"Gallatin County, MT (2024)","Value Added"
"Missoula","Indirect",738.25308524102,"Gallatin County, MT (2024)","Value Added"
"Missoula","Induced",162.787620210644,"Gallatin County, MT (2024)","Value Added"
"Missoula_MA","Indirect",15548.6374444771,"Gallatin County, MT (2024)","Value Added"
"Missoula_MA","Induced",3942.20683894696,"Gallatin County, MT (2024)","Value Added"
"Park","Indirect",184870.34522644,"Gallatin County, MT (2024)","Value Added"
"Park","Induced",41759.8420546151,"Gallatin County, MT (2024)","Value Added"
"Park_MA","Indirect",2083924.93082216,"Gallatin County, MT (2024)","Value Added"
"Park_MA","Induced",472327.464007028,"Gallatin County, MT (2024)","Value Added"
"Ravalli","Indirect",88.7940275281355,"Gallatin County, MT (2024)","Value Added"
"Ravalli","Induced",25.5921703465266,"Gallatin County, MT (2024)","Value Added"
"Ravalli_MA","Indirect",846.03321892068,"Gallatin County, MT (2024)","Value Added"
"Ravalli_MA","Induced",265.825561267329,"Gallatin County, MT (2024)","Value Added"
"Rest of MT","Indirect",8804.68615768208,"Gallatin County, MT (2024)","Value Added"
"Rest of MT","Induced",2680.24355359424,"Gallatin County, MT (2024)","Value Added"
"Rest of MT_MA","Indirect",2439.83432537824,"Gallatin County, MT (2024)","Value Added"
"Rest of MT_MA","Induced",735.184969021791,"Gallatin County, MT (2024)","Value Added"
"Silver Bow","Indirect",411.608332581417,"Gallatin County, MT (2024)","Value Added"
"Silver Bow","Induced",132.676290065161,"Gallatin County, MT (2024)","Value Added"
"Silver Bow_MA","Indirect",140810.870616333,"Gallatin County, MT (2024)","Value Added"
"Silver Bow_MA","Induced",48803.0840500789,"Gallatin County, MT (2024)","Value Added"
"Yellowstone","Indirect",459.434155776925,"Gallatin County, MT (2024)","Value Added"
"Yellowstone","Induced",116.136528378602,"Gallatin County, MT (2024)","Value Added"
"Beaverhead_MA","Indirect",5867.79382093146,"Lewis and Clark County, MT (2024)","Value Added"
"Beaverhead_MA","Induced",1451.82235949689,"Lewis and Clark County, MT (2024)","Value Added"
"Cascade","Indirect",2091.80628723221,"Lewis and Clark County, MT (2024)","Value Added"
"Cascade","Induced",653.03850109194,"Lewis and Clark County, MT (2024)","Value Added"
"Cascade_MA","Indirect",1784.91000601556,"Lewis and Clark County, MT (2024)","Value Added"
"Cascade_MA","Induced",557.228918388375,"Lewis and Clark County, MT (2024)","Value Added"
"Gallatin","Indirect",786.051773919579,"Lewis and Clark County, MT (2024)","Value Added"
"Gallatin","Induced",347.749819849357,"Lewis and Clark County, MT (2024)","Value Added"
"Gallatin_MA","Indirect",8269.08555580608,"Lewis and Clark County, MT (2024)","Value Added"
"Gallatin_MA","Induced",3547.23246032284,"Lewis and Clark County, MT (2024)","Value Added"
"Glacier","Indirect",1487.3526040379,"Lewis and Clark County, MT (2024)","Value Added"
"Glacier","Induced",359.452806865693,"Lewis and Clark County, MT (2024)","Value Added"
"Lewis and Clark","Direct",70081.4849828983,"Lewis and Clark County, MT (2024)","Value Added"
"Lewis and Clark","Indirect",40470.8794074769,"Lewis and Clark County, MT (2024)","Value Added"
"Lewis and Clark","Induced",21763.2584257476,"Lewis and Clark County, MT (2024)","Value Added"
"Lewis and Clark_MA","Direct",1283610.3458849,"Lewis and Clark County, MT (2024)","Value Added"
"Lewis and Clark_MA","Indirect",741263.395419977,"Lewis and Clark County, MT (2024)","Value Added"
"Lewis and Clark_MA","Induced",398615.17892027,"Lewis and Clark County, MT (2024)","Value Added"
"Missoula","Indirect",867.339721134033,"Lewis and Clark County, MT (2024)","Value Added"
"Missoula","Induced",237.419179433945,"Lewis and Clark County, MT (2024)","Value Added"
"Missoula_MA","Indirect",15757.495756459,"Lewis and Clark County, MT (2024)","Value Added"
"Missoula_MA","Induced",5459.86564459651,"Lewis and Clark County, MT (2024)","Value Added"
"Park","Indirect",531.403753486646,"Lewis and Clark County, MT (2024)","Value Added"
"Park","Induced",263.366503941655,"Lewis and Clark County, MT (2024)","Value Added"
"Park_MA","Indirect",7543.27616359782,"Lewis and Clark County, MT (2024)","Value Added"
"Park_MA","Induced",4076.84242558222,"Lewis and Clark County, MT (2024)","Value Added"
"Ravalli","Indirect",175.111283485274,"Lewis and Clark County, MT (2024)","Value Added"
"Ravalli","Induced",57.6545598930458,"Lewis and Clark County, MT (2024)","Value Added"
"Ravalli_MA","Indirect",1190.43105954585,"Lewis and Clark County, MT (2024)","Value Added"
"Ravalli_MA","Induced",382.28898085848,"Lewis and Clark County, MT (2024)","Value Added"
"Rest of MT","Indirect",2999.11535527549,"Lewis and Clark County, MT (2024)","Value Added"
"Rest of MT","Induced",1401.77869582797,"Lewis and Clark County, MT (2024)","Value Added"
"Rest of MT_MA","Indirect",778.071099063823,"Lewis and Clark County, MT (2024)","Value Added"
"Rest of MT_MA","Induced",392.12974518446,"Lewis and Clark County, MT (2024)","Value Added"
"Silver Bow","Indirect",323.621166949249,"Lewis and Clark County, MT (2024)","Value Added"
"Silver Bow","Induced",130.509567940805,"Lewis and Clark County, MT (2024)","Value Added"
"Silver Bow_MA","Indirect",78950.1103184901,"Lewis and Clark County, MT (2024)","Value Added"
"Silver Bow_MA","Induced",29867.4411721348,"Lewis and Clark County, MT (2024)","Value Added"
"Beaverhead_MA","Indirect",9661.21940674955,"Madison County, MT (2024)","Value Added"
"Beaverhead_MA","Induced",10872.757127045,"Madison County, MT (2024)","Value Added"
"Gallatin","Indirect",9728.0201082454,"Madison County, MT (2024)","Value Added"
"Gallatin","Induced",1098.62614042273,"Madison County, MT (2024)","Value Added"
"Gallatin_MA","Indirect",97460.0553657976,"Madison County, MT (2024)","Value Added"
"Gallatin_MA","Induced",11033.1662286848,"Madison County, MT (2024)","Value Added"
"Lewis and Clark_MA","Indirect",93.9350280715908,"Madison County, MT (2024)","Value Added"
"Lewis and Clark_MA","Induced",331.994021126685,"Madison County, MT (2024)","Value Added"
"Madison","Direct",46689.0408524143,"Madison County, MT (2024)","Value Added"
"Madison","Indirect",9625.70305317887,"Madison County, MT (2024)","Value Added"
"Madison","Induced",5189.60353299057,"Madison County, MT (2024)","Value Added"
"Missoula","Induced",73.4523773826558,"Madison County, MT (2024)","Value Added"
"Missoula_MA","Indirect",119.867370157276,"Madison County, MT (2024)","Value Added"
"Missoula_MA","Induced",1265.26294986185,"Madison County, MT (2024)","Value Added"
"Park","Indirect",3674.4510211222,"Madison County, MT (2024)","Value Added"
"Park","Induced",396.488117759118,"Madison County, MT (2024)","Value Added"
"Park_MA","Indirect",41881.9237696325,"Madison County, MT (2024)","Value Added"
"Park_MA","Induced",4534.97762533429,"Madison County, MT (2024)","Value Added"
"Rest of MT","Indirect",132.861123103405,"Madison County, MT (2024)","Value Added"
"Rest of MT","Induced",116.154857830548,"Madison County, MT (2024)","Value Added"
"Rest of MT_MA","Induced",31.4324018220732,"Madison County, MT (2024)","Value Added"
"Silver Bow","Indirect",106.334783463063,"Madison County, MT (2024)","Value Added"
"Silver Bow","Induced",49.6946989648572,"Madison County, MT (2024)","Value Added"
"Silver Bow_MA","Indirect",29242.5034026482,"Madison County, MT (2024)","Value Added"
"Silver Bow_MA","Induced",10879.0661829767,"Madison County, MT (2024)","Value Added"
"Beaverhead_MA","Indirect",497.825957427047,"Park County, MT (2024)","Value Added"
"Beaverhead_MA","Induced",210.595303754311,"Park County, MT (2024)","Value Added"
"Gallatin","Indirect",6891.32463003372,"Park County, MT (2024)","Value Added"
"Gallatin","Induced",2185.26620906556,"Park County, MT (2024)","Value Added"
"Gallatin_MA","Indirect",71881.0227207075,"Park County, MT (2024)","Value Added"
"Gallatin_MA","Induced",22663.9418304829,"Park County, MT (2024)","Value Added"
"Lewis and Clark_MA","Induced",115.989194939433,"Park County, MT (2024)","Value Added"
"Madison","Induced",87.5141695010119,"Park County, MT (2024)","Value Added"
"Missoula_MA","Indirect",176.767942399469,"Park County, MT (2024)","Value Added"
"Missoula_MA","Induced",519.934633884552,"Park County, MT (2024)","Value Added"
"Park","Direct",127313.899511632,"Park County, MT (2024)","Value Added"
"Park","Indirect",99430.8703970109,"Park County, MT (2024)","Value Added"
"Park","Induced",27362.185356039,"Park County, MT (2024)","Value Added"
"Park_MA","Direct",1423829.57435502,"Park County, MT (2024)","Value Added"
"Park_MA","Indirect",1115808.1402139,"Park County, MT (2024)","Value Added"
"Park_MA","Induced",306870.911224785,"Park County, MT (2024)","Value Added"
"Rest of MT","Indirect",1482.44175079163,"Park County, MT (2024)","Value Added"
"Rest of MT","Induced",617.74666123499,"Park County, MT (2024)","Value Added"
"Rest of MT_MA","Indirect",402.418754719786,"Park County, MT (2024)","Value Added"
"Rest of MT_MA","Induced",177.029551306747,"Park County, MT (2024)","Value Added"
"Silver Bow_MA","Indirect",985.482846675481,"Park County, MT (2024)","Value Added"
"Silver Bow_MA","Induced",626.149693437343,"Park County, MT (2024)","Value Added"
"Beaverhead_MA","Indirect",1353.1915442452,"Ravalli County, MT (2024)","Value Added"
"Beaverhead_MA","Induced",276.824132466271,"Ravalli County, MT (2024)","Value Added"
"Gallatin_MA","Induced",184.795504930765,"Ravalli County, MT (2024)","Value Added"
"Lewis and Clark_MA","Induced",164.266891930113,"Ravalli County, MT (2024)","Value Added"
"Missoula","Indirect",8189.67491543422,"Ravalli County, MT (2024)","Value Added"
"Missoula","Induced",17744.6178208735,"Ravalli County, MT (2024)","Value Added"
"Missoula_MA","Indirect",143234.909541166,"Ravalli County, MT (2024)","Value Added"
"Missoula_MA","Induced",300949.291682476,"Ravalli County, MT (2024)","Value Added"
"Park_MA","Induced",75.9532405776696,"Ravalli County, MT (2024)","Value Added"
"Ravalli","Direct",120463.141481288,"Ravalli County, MT (2024)","Value Added"
"Ravalli","Indirect",84092.7509391432,"Ravalli County, MT (2024)","Value Added"
"Ravalli","Induced",43036.2529372328,"Ravalli County, MT (2024)","Value Added"
"Ravalli_MA","Direct",709358.130333822,"Ravalli County, MT (2024)","Value Added"
"Ravalli_MA","Indirect",495620.126006388,"Ravalli County, MT (2024)","Value Added"
"Ravalli_MA","Induced",253625.353321818,"Ravalli County, MT (2024)","Value Added"
"Rest of MT","Indirect",70.9781208155278,"Ravalli County, MT (2024)","Value Added"
"Rest of MT","Induced",311.297323154153,"Ravalli County, MT (2024)","Value Added"
"Rest of MT_MA","Induced",68.0495564455889,"Ravalli County, MT (2024)","Value Added"
"Silver Bow_MA","Indirect",217.255856695331,"Ravalli County, MT (2024)","Value Added"
"Silver Bow_MA","Induced",438.794204342834,"Ravalli County, MT (2024)","Value Added"
"Beaverhead_MA","Indirect",6344.48758863554,"Rest of MT (2024)","Value Added"
"Beaverhead_MA","Induced",4626.97098920879,"Rest of MT (2024)","Value Added"
"Cascade","Indirect",2587.33235870691,"Rest of MT (2024)","Value Added"
"Cascade","Induced",1245.76045110065,"Rest of MT (2024)","Value Added"
"Cascade_MA","Indirect",2207.73569910928,"Rest of MT (2024)","Value Added"
"Cascade_MA","Induced",1062.99053972638,"Rest of MT (2024)","Value Added"
"Gallatin","Indirect",1527.10343835917,"Rest of MT (2024)","Value Added"
"Gallatin","Induced",1563.7855347592,"Rest of MT (2024)","Value Added"
"Gallatin_MA","Indirect",20434.6274932733,"Rest of MT (2024)","Value Added"
"Gallatin_MA","Induced",17840.7394391275,"Rest of MT (2024)","Value Added"
"Glacier","Indirect",54984.647653605,"Rest of MT (2024)","Value Added"
"Glacier","Induced",16790.4163277975,"Rest of MT (2024)","Value Added"
"Lewis and Clark","Indirect",98.3125986356503,"Rest of MT (2024)","Value Added"
"Lewis and Clark","Induced",3052.81546641632,"Rest of MT (2024)","Value Added"
"Lewis and Clark_MA","Indirect",6774.20977622676,"Rest of MT (2024)","Value Added"
"Lewis and Clark_MA","Induced",57334.0446744282,"Rest of MT (2024)","Value Added"
"Madison","Induced",110.43546814949,"Rest of MT (2024)","Value Added"
"Missoula","Indirect",2240.25540244852,"Rest of MT (2024)","Value Added"
"Missoula","Induced",5864.22607032284,"Rest of MT (2024)","Value Added"
"Missoula_MA","Indirect",49029.483602778,"Rest of MT (2024)","Value Added"
"Missoula_MA","Induced",103228.356609999,"Rest of MT (2024)","Value Added"
"Park","Indirect",10264.947182113,"Rest of MT (2024)","Value Added"
"Park","Induced",2890.12016182237,"Rest of MT (2024)","Value Added"
"Park_MA","Indirect",127467.288556774,"Rest of MT (2024)","Value Added"
"Park_MA","Induced",35707.4870742218,"Rest of MT (2024)","Value Added"
"Ravalli","Indirect",456.706846302226,"Rest of MT (2024)","Value Added"
"Ravalli","Induced",299.43413744286,"Rest of MT (2024)","Value Added"
"Ravalli_MA","Indirect",3817.68946161435,"Rest of MT (2024)","Value Added"
"Ravalli_MA","Induced",1991.61200746257,"Rest of MT (2024)","Value Added"
"Rest of MT","Direct",696532.552738533,"Rest of MT (2024)","Value Added"
"Rest of MT","Indirect",404083.924681101,"Rest of MT (2024)","Value Added"
"Rest of MT","Induced",179930.919835165,"Rest of MT (2024)","Value Added"
"Rest of MT_MA","Direct",210704.867906569,"Rest of MT (2024)","Value Added"
"Rest of MT_MA","Indirect",122224.436830041,"Rest of MT (2024)","Value Added"
"Rest of MT_MA","Induced",54361.6389123659,"Rest of MT (2024)","Value Added"
"Silver Bow","Indirect",258.936700893115,"Rest of MT (2024)","Value Added"
"Silver Bow","Induced",812.223030817394,"Rest of MT (2024)","Value Added"
"Silver Bow_MA","Indirect",113082.592201801,"Rest of MT (2024)","Value Added"
"Silver Bow_MA","Induced",178644.83777566,"Rest of MT (2024)","Value Added"
"Yellowstone","Indirect",1188.59201248632,"Rest of MT (2024)","Value Added"
"Yellowstone","Induced",528.695270414833,"Rest of MT (2024)","Value Added"
"Beaverhead_MA","Indirect",18532.8976801852,"Silver Bow County, MT (2024)","Value Added"
"Beaverhead_MA","Induced",11334.534696058,"Silver Bow County, MT (2024)","Value Added"
"Cascade","Indirect",161.589477785217,"Silver Bow County, MT (2024)","Value Added"
"Cascade","Induced",53.4866924633987,"Silver Bow County, MT (2024)","Value Added"
"Cascade_MA","Indirect",137.882115340274,"Silver Bow County, MT (2024)","Value Added"
"Cascade_MA","Induced",45.6394710874102,"Silver Bow County, MT (2024)","Value Added"
"Gallatin","Indirect",805.235974598541,"Silver Bow County, MT (2024)","Value Added"
"Gallatin","Induced",277.6857107621,"Silver Bow County, MT (2024)","Value Added"
"Gallatin_MA","Indirect",10644.0216404558,"Silver Bow County, MT (2024)","Value Added"
"Gallatin_MA","Induced",3763.55422348769,"Silver Bow County, MT (2024)","Value Added"
"Glacier","Induced",129.387208555733,"Silver Bow County, MT (2024)","Value Added"
"Lewis and Clark","Indirect",82.3272302980627,"Silver Bow County, MT (2024)","Value Added"
"Lewis and Clark","Induced",139.402822942467,"Silver Bow County, MT (2024)","Value Added"
"Lewis and Clark_MA","Indirect",4396.6227286271,"Silver Bow County, MT (2024)","Value Added"
"Lewis and Clark_MA","Induced",3472.9389515107,"Silver Bow County, MT (2024)","Value Added"
"Madison","Indirect",37.9443014453054,"Silver Bow County, MT (2024)","Value Added"
"Madison","Induced",6.78329048446418,"Silver Bow County, MT (2024)","Value Added"
"Missoula","Indirect",479.40340553775,"Silver Bow County, MT (2024)","Value Added"
"Missoula","Induced",104.779552808267,"Silver Bow County, MT (2024)","Value Added"
"Missoula_MA","Indirect",10475.5500545587,"Silver Bow County, MT (2024)","Value Added"
"Missoula_MA","Induced",2909.14453969691,"Silver Bow County, MT (2024)","Value Added"
"Park","Indirect",223.885953028783,"Silver Bow County, MT (2024)","Value Added"
"Park","Induced",45.3415402575561,"Silver Bow County, MT (2024)","Value Added"
"Park_MA","Indirect",6562.15689120633,"Silver Bow County, MT (2024)","Value Added"
"Park_MA","Induced",2330.10805602198,"Silver Bow County, MT (2024)","Value Added"
"Ravalli","Indirect",152.211803196386,"Silver Bow County, MT (2024)","Value Added"
"Ravalli","Induced",31.1408051605482,"Silver Bow County, MT (2024)","Value Added"
"Ravalli_MA","Indirect",1418.15384119107,"Silver Bow County, MT (2024)","Value Added"
"Ravalli_MA","Induced",326.587217200217,"Silver Bow County, MT (2024)","Value Added"
"Rest of MT","Indirect",1926.94871575394,"Silver Bow County, MT (2024)","Value Added"
"Rest of MT","Induced",1671.67702165477,"Silver Bow County, MT (2024)","Value Added"
"Rest of MT_MA","Indirect",357.41498879893,"Silver Bow County, MT (2024)","Value Added"
"Rest of MT_MA","Induced",451.919284151327,"Silver Bow County, MT (2024)","Value Added"
"Silver Bow","Direct",38772.5321207487,"Silver Bow County, MT (2024)","Value Added"
"Silver Bow","Indirect",17707.3583837371,"Silver Bow County, MT (2024)","Value Added"
"Silver Bow","Induced",10880.5260729569,"Silver Bow County, MT (2024)","Value Added"
"Silver Bow_MA","Direct",7652614.57169099,"Silver Bow County, MT (2024)","Value Added"
"Silver Bow_MA","Indirect",3496788.99177394,"Silver Bow County, MT (2024)","Value Added"
"Silver Bow_MA","Induced",2148771.98811909,"Silver Bow County, MT (2024)","Value Added"
"Beaverhead_MA","Indirect",2310.03392154009,"Yellowstone County, MT (2024)","Value Added"
"Beaverhead_MA","Induced",801.883182527214,"Yellowstone County, MT (2024)","Value Added"
"Gallatin","Indirect",3778.02454589372,"Yellowstone County, MT (2024)","Value Added"
"Gallatin","Induced",1226.21504953405,"Yellowstone County, MT (2024)","Value Added"
"Gallatin_MA","Indirect",39647.6082009434,"Yellowstone County, MT (2024)","Value Added"
"Gallatin_MA","Induced",13130.2103644457,"Yellowstone County, MT (2024)","Value Added"
"Glacier","Indirect",1177.84964589518,"Yellowstone County, MT (2024)","Value Added"
"Glacier","Induced",539.297110852215,"Yellowstone County, MT (2024)","Value Added"
"Lewis and Clark","Induced",83.2643184419681,"Yellowstone County, MT (2024)","Value Added"
"Lewis and Clark_MA","Indirect",348.82250456128,"Yellowstone County, MT (2024)","Value Added"
"Lewis and Clark_MA","Induced",1809.87837329768,"Yellowstone County, MT (2024)","Value Added"
"Missoula","Indirect",67.029228759869,"Yellowstone County, MT (2024)","Value Added"
"Missoula","Induced",706.749236301436,"Yellowstone County, MT (2024)","Value Added"
"Missoula_MA","Indirect",2424.68796308616,"Yellowstone County, MT (2024)","Value Added"
"Missoula_MA","Induced",12846.2362095957,"Yellowstone County, MT (2024)","Value Added"
"Park","Indirect",12701.6626087225,"Yellowstone County, MT (2024)","Value Added"
"Park","Induced",3058.90079038616,"Yellowstone County, MT (2024)","Value Added"
"Park_MA","Indirect",148584.148306125,"Yellowstone County, MT (2024)","Value Added"
"Park_MA","Induced",37071.1354550302,"Yellowstone County, MT (2024)","Value Added"
"Ravalli","Indirect",61.8721761659311,"Yellowstone County, MT (2024)","Value Added"
"Ravalli","Induced",10.7210757507125,"Yellowstone County, MT (2024)","Value Added"
"Ravalli_MA","Indirect",725.601777956729,"Yellowstone County, MT (2024)","Value Added"
"Ravalli_MA","Induced",281.421253031853,"Yellowstone County, MT (2024)","Value Added"
"Rest of MT","Indirect",10942.1003264898,"Yellowstone County, MT (2024)","Value Added"
"Rest of MT","Induced",6306.19827735676,"Yellowstone County, MT (2024)","Value Added"
"Rest of MT_MA","Indirect",2871.49907458717,"Yellowstone County, MT (2024)","Value Added"
"Rest of MT_MA","Induced",1746.90989371729,"Yellowstone County, MT (2024)","Value Added"
"Silver Bow_MA","Indirect",12536.0121393589,"Yellowstone County, MT (2024)","Value Added"
"Silver Bow_MA","Induced",4632.5704251711,"Yellowstone County, MT (2024)","Value Added"
"Yellowstone","Direct",20989.5301247631,"Yellowstone County, MT (2024)","Value Added"
"Yellowstone","Indirect",15520.7572408543,"Yellowstone County, MT (2024)","Value Added"
"Yellowstone","Induced",8471.68144624924,"Yellowstone County, MT (2024)","Value Added"
"Cascade","Indirect",141.596290043735,"Glacier County, MT (2024)","Value Added"
"Cascade","Induced",15.3548274125289,"Glacier County, MT (2024)","Value Added"
"Cascade_MA","Indirect",72.8159776464349,"Glacier County, MT (2024)","Value Added"
"Cascade_MA","Induced",8.49831033190611,"Glacier County, MT (2024)","Value Added"
"Gallatin_MA","Indirect",34.0145626459407,"Glacier County, MT (2024)","Value Added"
"Gallatin_MA","Induced",4.21284346490923,"Glacier County, MT (2024)","Value Added"
"Glacier","Direct",223534.429973703,"Glacier County, MT (2024)","Value Added"
"Glacier","Indirect",127133.965627275,"Glacier County, MT (2024)","Value Added"
"Glacier","Induced",25580.9326248706,"Glacier County, MT (2024)","Value Added"
"Lewis and Clark_MA","Indirect",205.790577644548,"Glacier County, MT (2024)","Value Added"
"Lewis and Clark_MA","Induced",27.1484988744313,"Glacier County, MT (2024)","Value Added"
"Missoula_MA","Indirect",67.3547116489318,"Glacier County, MT (2024)","Value Added"
"Missoula_MA","Induced",278.687924067587,"Glacier County, MT (2024)","Value Added"
"Park_MA","Indirect",110.888977535617,"Glacier County, MT (2024)","Value Added"
"Park_MA","Induced",9.39451584278551,"Glacier County, MT (2024)","Value Added"
"Rest of MT","Indirect",549.021746824792,"Glacier County, MT (2024)","Value Added"
"Rest of MT","Induced",124.333576296708,"Glacier County, MT (2024)","Value Added"
"Rest of MT_MA","Indirect",81.6961638736971,"Glacier County, MT (2024)","Value Added"
"Rest of MT_MA","Induced",10.6340123004219,"Glacier County, MT (2024)","Value Added"
"Silver Bow_MA","Indirect",264.288700634644,"Glacier County, MT (2024)","Value Added"
"Silver Bow_MA","Induced",30.1786277317889,"Glacier County, MT (2024)","Value Added"
"Cascade","Indirect",389.889159226709,"Missoula County, MT (2024)","Value Added"
"Cascade","Induced",102.902218658812,"Missoula County, MT (2024)","Value Added"
"Cascade_MA","Indirect",332.687144975338,"Missoula County, MT (2024)","Value Added"
"Cascade_MA","Induced",87.8050710748847,"Missoula County, MT (2024)","Value Added"
"Gallatin","Induced",219.187056563187,"Missoula County, MT (2024)","Value Added"
"Gallatin_MA","Indirect",90.9173703726525,"Missoula County, MT (2024)","Value Added"
"Gallatin_MA","Induced",2191.258337586,"Missoula County, MT (2024)","Value Added"
"Glacier","Indirect",103.385531388522,"Missoula County, MT (2024)","Value Added"
"Glacier","Induced",150.218349253173,"Missoula County, MT (2024)","Value Added"
"Lewis and Clark","Induced",106.834900381599,"Missoula County, MT (2024)","Value Added"
"Lewis and Clark_MA","Indirect",1417.1516302287,"Missoula County, MT (2024)","Value Added"
"Lewis and Clark_MA","Induced",2415.88545702814,"Missoula County, MT (2024)","Value Added"
"Missoula","Direct",553920.002945972,"Missoula County, MT (2024)","Value Added"
"Missoula","Indirect",368515.349375382,"Missoula County, MT (2024)","Value Added"
"Missoula","Induced",216561.416160693,"Missoula County, MT (2024)","Value Added"
"Missoula_MA","Direct",9346330.73428428,"Missoula County, MT (2024)","Value Added"
"Missoula_MA","Indirect",6221112.29403813,"Missoula County, MT (2024)","Value Added"
"Missoula_MA","Induced",3657103.16216619,"Missoula County, MT (2024)","Value Added"
"Park","Induced",78.9049468624281,"Missoula County, MT (2024)","Value Added"
"Park_MA","Indirect",187.172020826421,"Missoula County, MT (2024)","Value Added"
"Park_MA","Induced",1072.98446324755,"Missoula County, MT (2024)","Value Added"
"Ravalli","Indirect",12266.8391307868,"Missoula County, MT (2024)","Value Added"
"Ravalli","Induced",4272.64828201007,"Missoula County, MT (2024)","Value Added"
"Ravalli_MA","Indirect",75773.5831292941,"Missoula County, MT (2024)","Value Added"
"Ravalli_MA","Induced",26572.1132912662,"Missoula County, MT (2024)","Value Added"
"Rest of MT","Indirect",2983.04974475784,"Missoula County, MT (2024)","Value Added"
"Rest of MT","Induced",2020.64192020654,"Missoula County, MT (2024)","Value Added"
"Rest of MT_MA","Indirect",480.690775867987,"Missoula County, MT (2024)","Value Added"
"Rest of MT_MA","Induced",458.176968486573,"Missoula County, MT (2024)","Value Added"
"Silver Bow","Induced",75.6397725265801,"Missoula County, MT (2024)","Value Added"
"Silver Bow_MA","Indirect",5835.48133270245,"Missoula County, MT (2024)","Value Added"
"Silver Bow_MA","Induced",17202.9403365761,"Missoula County, MT (2024)","Value Added"
