"EventGroup","ImpactType","value","geography","table"
"Beaverhead","Direct",29647.2080912779,"Beaverhead County, MT (2024)","Impact"
"Beaverhead","Indirect",16477.0764346787,"Beaverhead County, MT (2024)","Impact"
"Beaverhead","Induced",4115.41557606654,"Beaverhead County, MT (2024)","Impact"
"Gallatin","Indirect",729.074930434961,"Beaverhead County, MT (2024)","Impact"
"Gallatin","Induced",392.62499894688,"Beaverhead County, MT (2024)","Impact"
"Gallatin_MA","Indirect",5490.27666516777,"Beaverhead County, MT (2024)","Impact"
"Gallatin_MA","Induced",3160.86075364453,"Beaverhead County, MT (2024)","Impact"
"Lewis and Clark","Induced",72.634241804675,"Beaverhead County, MT (2024)","Impact"
"Madison","Indirect",1383.81317104505,"Beaverhead County, MT (2024)","Impact"
"Madison","Induced",7746.78715144562,"Beaverhead County, MT (2024)","Impact"
"Madison_MA","Indirect",6597.95506328735,"Beaverhead County, MT (2024)","Impact"
"Madison_MA","Induced",33263.4018879269,"Beaverhead County, MT (2024)","Impact"
"Missoula","Indirect",277.561906212177,"Beaverhead County, MT (2024)","Impact"
"Missoula","Induced",13.9380901122423,"Beaverhead County, MT (2024)","Impact"
"Park","Indirect",425.361901759007,"Beaverhead County, MT (2024)","Impact"
"Park","Induced",211.473968277188,"Beaverhead County, MT (2024)","Impact"
"Park_MA","Indirect",718.195107045257,"Beaverhead County, MT (2024)","Impact"
"Park_MA","Induced",293.370221921822,"Beaverhead County, MT (2024)","Impact"
"Ravalli","Indirect",370.295246056961,"Beaverhead County, MT (2024)","Impact"
"Ravalli","Induced",28.0173940062831,"Beaverhead County, MT (2024)","Impact"
"Silver Bow","Indirect",748.790900604784,"Beaverhead County, MT (2024)","Impact"
"Silver Bow","Induced",143.039402698426,"Beaverhead County, MT (2024)","Impact"
"Beaverhead","Indirect",1043.45837555627,"Gallatin County, MT (2024)","Impact"
"Beaverhead","Induced",194.165978183958,"Gallatin County, MT (2024)","Impact"
"Cascade","Indirect",3657.66680940372,"Gallatin County, MT (2024)","Impact"
"Cascade","Induced",628.811992939056,"Gallatin County, MT (2024)","Impact"
"Gallatin","Direct",1070787.56119606,"Gallatin County, MT (2024)","Impact"
"Gallatin","Indirect",602749.582873753,"Gallatin County, MT (2024)","Impact"
"Gallatin","Induced",237667.773086456,"Gallatin County, MT (2024)","Impact"
"Gallatin_MA","Direct",7684833.41877507,"Gallatin County, MT (2024)","Impact"
"Gallatin_MA","Indirect",4337689.37481632,"Gallatin County, MT (2024)","Impact"
"Gallatin_MA","Induced",1708791.38628506,"Gallatin County, MT (2024)","Impact"
"Glacier","Indirect",625.64935473848,"Gallatin County, MT (2024)","Impact"
"Glacier","Induced",56.690824174664,"Gallatin County, MT (2024)","Impact"
"Lewis and Clark","Indirect",6283.77472445995,"Gallatin County, MT (2024)","Impact"
"Lewis and Clark","Induced",1800.93931346984,"Gallatin County, MT (2024)","Impact"
"Madison","Indirect",16750.1251547225,"Gallatin County, MT (2024)","Impact"
"Madison","Induced",151768.06894317,"Gallatin County, MT (2024)","Impact"
"Madison_MA","Indirect",72699.3909584467,"Gallatin County, MT (2024)","Impact"
"Madison_MA","Induced",646603.140918014,"Gallatin County, MT (2024)","Impact"
"Missoula","Indirect",1009.97248819523,"Gallatin County, MT (2024)","Impact"
"Missoula","Induced",208.082746401347,"Gallatin County, MT (2024)","Impact"
"Missoula_MA","Indirect",311.881821973101,"Gallatin County, MT (2024)","Impact"
"Missoula_MA","Induced",25.4798394601023,"Gallatin County, MT (2024)","Impact"
"Park","Indirect",799031.87015177,"Gallatin County, MT (2024)","Impact"
"Park","Induced",133306.757264202,"Gallatin County, MT (2024)","Impact"
"Park_MA","Indirect",1055885.24102149,"Gallatin County, MT (2024)","Impact"
"Park_MA","Induced",176257.379099741,"Gallatin County, MT (2024)","Impact"
"Ravalli","Indirect",148.860034042977,"Gallatin County, MT (2024)","Impact"
"Ravalli","Induced",32.5475276833991,"Gallatin County, MT (2024)","Impact"
"Rest of MT","Indirect",12126.3170183396,"Gallatin County, MT (2024)","Impact"
"Rest of MT","Induced",2821.24587143385,"Gallatin County, MT (2024)","Impact"
"Rest of MT_MA","Indirect",402.765103492809,"Gallatin County, MT (2024)","Impact"
"Rest of MT_MA","Induced",69.0553658200984,"Gallatin County, MT (2024)","Impact"
"Silver Bow","Indirect",524.653017616035,"Gallatin County, MT (2024)","Impact"
"Silver Bow","Induced",69.7311334601955,"Gallatin County, MT (2024)","Impact"
"Yellowstone","Indirect",3293.8513538392,"Gallatin County, MT (2024)","Impact"
"Yellowstone","Induced",561.918695356462,"Gallatin County, MT (2024)","Impact"
"Yellowstone_MA","Indirect",32728.3416618853,"Gallatin County, MT (2024)","Impact"
"Yellowstone_MA","Induced",6241.38774390747,"Gallatin County, MT (2024)","Impact"
"Beaverhead","Induced",176.42548652919,"Madison County, MT (2024)","Impact"
"Gallatin","Indirect",18582.8689486026,"Madison County, MT (2024)","Impact"
"Gallatin","Induced",2739.24279166242,"Madison County, MT (2024)","Impact"
"Gallatin_MA","Indirect",136632.893425987,"Madison County, MT (2024)","Impact"
"Gallatin_MA","Induced",20099.7181952471,"Madison County, MT (2024)","Impact"
"Lewis and Clark","Induced",133.377431425847,"Madison County, MT (2024)","Impact"
"Madison","Direct",2178522.00950192,"Madison County, MT (2024)","Impact"
"Madison","Indirect",587090.865790124,"Madison County, MT (2024)","Impact"
"Madison","Induced",318535.830118785,"Madison County, MT (2024)","Impact"
"Madison_MA","Direct",9265355.64248404,"Madison County, MT (2024)","Impact"
"Madison_MA","Indirect",2496924.81520672,"Madison County, MT (2024)","Impact"
"Madison_MA","Induced",1354965.49268907,"Madison County, MT (2024)","Impact"
"Missoula","Induced",104.61993341963,"Madison County, MT (2024)","Impact"
"Park","Indirect",9832.11678122978,"Madison County, MT (2024)","Impact"
"Park","Induced",1403.90462548557,"Madison County, MT (2024)","Impact"
"Park_MA","Indirect",13115.1994555826,"Madison County, MT (2024)","Impact"
"Park_MA","Induced",1868.74584562779,"Madison County, MT (2024)","Impact"
"Rest of MT","Indirect",128.824304790801,"Madison County, MT (2024)","Impact"
"Rest of MT","Induced",140.407568409056,"Madison County, MT (2024)","Impact"
"Beaverhead","Indirect",217.68123795306,"Rest of MT (2024)","Impact"
"Beaverhead","Induced",21.992908729289,"Rest of MT (2024)","Impact"
"Cascade","Indirect",5029.93911172831,"Rest of MT (2024)","Impact"
"Cascade","Induced",1521.36043128603,"Rest of MT (2024)","Impact"
"Gallatin","Indirect",5475.12779360787,"Rest of MT (2024)","Impact"
"Gallatin","Induced",3976.13016862017,"Rest of MT (2024)","Impact"
"Gallatin_MA","Indirect",47393.921214601,"Rest of MT (2024)","Impact"
"Gallatin_MA","Induced",31590.1032383376,"Rest of MT (2024)","Impact"
"Glacier","Indirect",41293.5230516037,"Rest of MT (2024)","Impact"
"Glacier","Induced",7248.30649719312,"Rest of MT (2024)","Impact"
"Lewis and Clark","Indirect",2779.28734071577,"Rest of MT (2024)","Impact"
"Lewis and Clark","Induced",22766.7456635572,"Rest of MT (2024)","Impact"
"Madison","Indirect",550.203068072314,"Rest of MT (2024)","Impact"
"Madison","Induced",7033.62099740447,"Rest of MT (2024)","Impact"
"Madison_MA","Indirect",4174.64431527561,"Rest of MT (2024)","Impact"
"Madison_MA","Induced",31096.1017356148,"Rest of MT (2024)","Impact"
"Missoula","Indirect",4720.47287524152,"Rest of MT (2024)","Impact"
"Missoula","Induced",8095.81550849519,"Rest of MT (2024)","Impact"
"Missoula_MA","Indirect",1135.70669573769,"Rest of MT (2024)","Impact"
"Missoula_MA","Induced",2423.25638924768,"Rest of MT (2024)","Impact"
"Park","Indirect",50279.4611938458,"Rest of MT (2024)","Impact"
"Park","Induced",10362.6959710063,"Rest of MT (2024)","Impact"
"Park_MA","Indirect",66956.6992219955,"Rest of MT (2024)","Impact"
"Park_MA","Induced",13783.972614556,"Rest of MT (2024)","Impact"
"Ravalli","Indirect",609.780134616617,"Rest of MT (2024)","Impact"
"Ravalli","Induced",383.556408801014,"Rest of MT (2024)","Impact"
"Rest of MT","Direct",1335407.45509122,"Rest of MT (2024)","Impact"
"Rest of MT","Indirect",738847.816704459,"Rest of MT (2024)","Impact"
"Rest of MT","Induced",211631.444647408,"Rest of MT (2024)","Impact"
"Rest of MT_MA","Direct",96731.6938355502,"Rest of MT (2024)","Impact"
"Rest of MT_MA","Indirect",53519.2465221324,"Rest of MT (2024)","Impact"
"Rest of MT_MA","Induced",15311.6039744372,"Rest of MT (2024)","Impact"
"Silver Bow","Indirect",734.09652993411,"Rest of MT (2024)","Impact"
"Silver Bow","Induced",978.447248509788,"Rest of MT (2024)","Impact"
"Yellowstone","Indirect",10964.7540338133,"Rest of MT (2024)","Impact"
"Yellowstone","Induced",2443.47184451528,"Rest of MT (2024)","Impact"
"Yellowstone_MA","Indirect",106273.263492425,"Rest of MT (2024)","Impact"
"Yellowstone_MA","Induced",23719.3139999403,"Rest of MT (2024)","Impact"
"Beaverhead","Induced",102.912830669651,"Silver Bow County, MT (2024)","Impact"
"Cascade","Indirect",286.425015743605,"Silver Bow County, MT (2024)","Impact"
"Cascade","Induced",65.5871175875772,"Silver Bow County, MT (2024)","Impact"
"Gallatin","Indirect",3245.22145326699,"Silver Bow County, MT (2024)","Impact"
"Gallatin","Induced",801.631832045904,"Silver Bow County, MT (2024)","Impact"
"Gallatin_MA","Indirect",25391.8883257755,"Silver Bow County, MT (2024)","Impact"
"Gallatin_MA","Induced",6653.9251179004,"Silver Bow County, MT (2024)","Impact"
"Lewis and Clark","Indirect",2323.72474583842,"Silver Bow County, MT (2024)","Impact"
"Lewis and Clark","Induced",1342.47461512597,"Silver Bow County, MT (2024)","Impact"
"Madison","Indirect",4300.66234221571,"Silver Bow County, MT (2024)","Impact"
"Madison","Induced",3298.32978672168,"Silver Bow County, MT (2024)","Impact"
"Madison_MA","Indirect",19774.6056622284,"Silver Bow County, MT (2024)","Impact"
"Madison_MA","Induced",15170.4670312107,"Silver Bow County, MT (2024)","Impact"
"Missoula","Indirect",840.023835789125,"Silver Bow County, MT (2024)","Impact"
"Missoula","Induced",145.053266234449,"Silver Bow County, MT (2024)","Impact"
"Missoula_MA","Indirect",119.535465493937,"Silver Bow County, MT (2024)","Impact"
"Missoula_MA","Induced",10.620215268537,"Silver Bow County, MT (2024)","Impact"
"Park","Indirect",1659.62483409218,"Silver Bow County, MT (2024)","Impact"
"Park","Induced",409.327494938257,"Silver Bow County, MT (2024)","Impact"
"Park_MA","Indirect",2564.69435611364,"Silver Bow County, MT (2024)","Impact"
"Park_MA","Induced",669.410210192153,"Silver Bow County, MT (2024)","Impact"
"Ravalli","Indirect",340.278745607655,"Silver Bow County, MT (2024)","Impact"
"Ravalli","Induced",42.8799678703016,"Silver Bow County, MT (2024)","Impact"
"Rest of MT","Indirect",2422.04609581678,"Silver Bow County, MT (2024)","Impact"
"Rest of MT","Induced",1860.20591692496,"Silver Bow County, MT (2024)","Impact"
"Rest of MT_MA","Induced",102.350876529144,"Silver Bow County, MT (2024)","Impact"
"Silver Bow","Direct",64935.142783004,"Silver Bow County, MT (2024)","Impact"
"Silver Bow","Indirect",31502.0160841679,"Silver Bow County, MT (2024)","Impact"
"Silver Bow","Induced",13091.1514968611,"Silver Bow County, MT (2024)","Impact"
"Yellowstone","Indirect",212.439556388972,"Silver Bow County, MT (2024)","Impact"
"Yellowstone","Induced",17.1168787926266,"Silver Bow County, MT (2024)","Impact"
"Yellowstone_MA","Indirect",2126.87203233262,"Silver Bow County, MT (2024)","Impact"
"Yellowstone_MA","Induced",798.308171564724,"Silver Bow County, MT (2024)","Impact"
"Cascade","Direct",247001.720045705,"Cascade County, MT (2024)","Impact"
"Cascade","Indirect",125634.856630567,"Cascade County, MT (2024)","Impact"
"Cascade","Induced",42490.9051970029,"Cascade County, MT (2024)","Impact"
"Gallatin","Indirect",291.13867925153,"Cascade County, MT (2024)","Impact"
"Gallatin","Induced",157.888099686723,"Cascade County, MT (2024)","Impact"
"Gallatin_MA","Indirect",3691.11487623163,"Cascade County, MT (2024)","Impact"
"Gallatin_MA","Induced",2092.6644805517,"Cascade County, MT (2024)","Impact"
"Glacier","Indirect",839.678727483059,"Cascade County, MT (2024)","Impact"
"Glacier","Induced",130.983567111321,"Cascade County, MT (2024)","Impact"
"Lewis and Clark","Indirect",6992.53963319435,"Cascade County, MT (2024)","Impact"
"Lewis and Clark","Induced",3533.80821823688,"Cascade County, MT (2024)","Impact"
"Madison","Indirect",247.223989643073,"Cascade County, MT (2024)","Impact"
"Madison","Induced",842.580351075388,"Cascade County, MT (2024)","Impact"
"Madison_MA","Indirect",1274.15479800375,"Cascade County, MT (2024)","Impact"
"Madison_MA","Induced",3599.19184130608,"Cascade County, MT (2024)","Impact"
"Missoula","Indirect",872.327640914254,"Cascade County, MT (2024)","Impact"
"Missoula","Induced",402.56721704647,"Cascade County, MT (2024)","Impact"
"Missoula_MA","Indirect",269.376777274397,"Cascade County, MT (2024)","Impact"
"Missoula_MA","Induced",124.313680408712,"Cascade County, MT (2024)","Impact"
"Park_MA","Indirect",109.576643059478,"Cascade County, MT (2024)","Impact"
"Park_MA","Induced",72.1384583996255,"Cascade County, MT (2024)","Impact"
"Ravalli","Indirect",483.985487140763,"Cascade County, MT (2024)","Impact"
"Ravalli","Induced",22.0392349087621,"Cascade County, MT (2024)","Impact"
"Rest of MT","Indirect",1572.55432036548,"Cascade County, MT (2024)","Impact"
"Rest of MT","Induced",1484.22145633582,"Cascade County, MT (2024)","Impact"
"Yellowstone_MA","Induced",197.158643487083,"Cascade County, MT (2024)","Impact"
"Cascade","Indirect",224.658214884164,"Glacier County, MT (2024)","Impact"
"Cascade","Induced",12.6341507700819,"Glacier County, MT (2024)","Impact"
"Gallatin_MA","Indirect",129.154781793036,"Glacier County, MT (2024)","Impact"
"Gallatin_MA","Induced",7.69845259020934,"Glacier County, MT (2024)","Impact"
"Glacier","Direct",192732.643796814,"Glacier County, MT (2024)","Impact"
"Glacier","Indirect",107690.848995882,"Glacier County, MT (2024)","Impact"
"Glacier","Induced",11746.9369146867,"Glacier County, MT (2024)","Impact"
"Lewis and Clark","Indirect",119.044920592792,"Glacier County, MT (2024)","Impact"
"Lewis and Clark","Induced",7.16825494633316,"Glacier County, MT (2024)","Impact"
"Rest of MT","Indirect",920.410553065892,"Glacier County, MT (2024)","Impact"
"Rest of MT","Induced",116.531336179755,"Glacier County, MT (2024)","Impact"
"Cascade","Indirect",2886.36220854214,"Lewis and Clark County, MT (2024)","Impact"
"Cascade","Induced",773.977515079397,"Lewis and Clark County, MT (2024)","Impact"
"Gallatin","Indirect",1981.70501717933,"Lewis and Clark County, MT (2024)","Impact"
"Gallatin","Induced",814.779052086819,"Lewis and Clark County, MT (2024)","Impact"
"Gallatin_MA","Indirect",15423.8240259106,"Lewis and Clark County, MT (2024)","Impact"
"Gallatin_MA","Induced",6080.87306264633,"Lewis and Clark County, MT (2024)","Impact"
"Glacier","Indirect",597.418407494584,"Lewis and Clark County, MT (2024)","Impact"
"Glacier","Induced",109.761516481282,"Lewis and Clark County, MT (2024)","Impact"
"Lewis and Clark","Direct",669676.800496742,"Lewis and Clark County, MT (2024)","Impact"
"Lewis and Clark","Indirect",356021.512418878,"Lewis and Clark County, MT (2024)","Impact"
"Lewis and Clark","Induced",154504.986322405,"Lewis and Clark County, MT (2024)","Impact"
"Madison","Indirect",737.196141641918,"Lewis and Clark County, MT (2024)","Impact"
"Madison","Induced",279.293398898136,"Lewis and Clark County, MT (2024)","Impact"
"Madison_MA","Indirect",3257.71900265167,"Lewis and Clark County, MT (2024)","Impact"
"Madison_MA","Induced",1476.40383177262,"Lewis and Clark County, MT (2024)","Impact"
"Missoula","Indirect",1353.92039291193,"Lewis and Clark County, MT (2024)","Impact"
"Missoula","Induced",303.322146009819,"Lewis and Clark County, MT (2024)","Impact"
"Missoula_MA","Indirect",283.900288888779,"Lewis and Clark County, MT (2024)","Impact"
"Missoula_MA","Induced",60.9481442689036,"Lewis and Clark County, MT (2024)","Impact"
"Park","Indirect",2364.20394673499,"Lewis and Clark County, MT (2024)","Impact"
"Park","Induced",1156.79762159212,"Lewis and Clark County, MT (2024)","Impact"
"Park_MA","Indirect",3123.14093440581,"Lewis and Clark County, MT (2024)","Impact"
"Park_MA","Induced",1527.94606468944,"Lewis and Clark County, MT (2024)","Impact"
"Ravalli","Indirect",143.689898366741,"Lewis and Clark County, MT (2024)","Impact"
"Ravalli","Induced",53.0852331449991,"Lewis and Clark County, MT (2024)","Impact"
"Rest of MT","Indirect",3849.2467383103,"Lewis and Clark County, MT (2024)","Impact"
"Rest of MT","Induced",1592.19255644289,"Lewis and Clark County, MT (2024)","Impact"
"Silver Bow","Indirect",436.026529695949,"Lewis and Clark County, MT (2024)","Impact"
"Silver Bow","Induced",86.979269523126,"Lewis and Clark County, MT (2024)","Impact"
"Yellowstone_MA","Indirect",199.371867248509,"Lewis and Clark County, MT (2024)","Impact"
"Yellowstone_MA","Induced",36.7932423255176,"Lewis and Clark County, MT (2024)","Impact"
"Cascade","Indirect",661.739073799695,"Missoula County, MT (2024)","Impact"
"Cascade","Induced",120.574797507369,"Missoula County, MT (2024)","Impact"
"Gallatin","Induced",507.617452463188,"Missoula County, MT (2024)","Impact"
"Gallatin_MA","Indirect",208.044320510224,"Missoula County, MT (2024)","Impact"
"Gallatin_MA","Induced",3697.93373937712,"Missoula County, MT (2024)","Impact"
"Lewis and Clark","Indirect",584.255156837786,"Missoula County, MT (2024)","Impact"
"Lewis and Clark","Induced",865.401051084442,"Missoula County, MT (2024)","Impact"
"Madison_MA","Indirect",88.8288708348926,"Missoula County, MT (2024)","Impact"
"Madison_MA","Induced",278.229831678458,"Missoula County, MT (2024)","Impact"
"Missoula","Direct",967585.461662887,"Missoula County, MT (2024)","Impact"
"Missoula","Indirect",632873.978796548,"Missoula County, MT (2024)","Impact"
"Missoula","Induced",286344.005949155,"Missoula County, MT (2024)","Impact"
"Missoula_MA","Direct",298792.610912954,"Missoula County, MT (2024)","Impact"
"Missoula_MA","Indirect",195341.458668396,"Missoula County, MT (2024)","Impact"
"Missoula_MA","Induced",88376.9978960427,"Missoula County, MT (2024)","Impact"
"Park","Induced",259.910674189533,"Missoula County, MT (2024)","Impact"
"Park_MA","Induced",343.415509356515,"Missoula County, MT (2024)","Impact"
"Ravalli","Indirect",17521.5751828326,"Missoula County, MT (2024)","Impact"
"Ravalli","Induced",5570.35653466682,"Missoula County, MT (2024)","Impact"
"Rest of MT","Indirect",3110.60101389818,"Missoula County, MT (2024)","Impact"
"Rest of MT","Induced",2026.00038916762,"Missoula County, MT (2024)","Impact"
"Yellowstone_MA","Induced",141.125830819725,"Missoula County, MT (2024)","Impact"
"Gallatin","Indirect",41141.9556678203,"Park County, MT (2024)","Impact"
"Gallatin","Induced",5052.5147561457,"Park County, MT (2024)","Impact"
"Gallatin_MA","Indirect",301681.751042046,"Park County, MT (2024)","Impact"
"Gallatin_MA","Induced",37737.7028057611,"Park County, MT (2024)","Impact"
"Madison","Induced",5244.66359528264,"Park County, MT (2024)","Impact"
"Madison_MA","Indirect",380.599791942221,"Park County, MT (2024)","Impact"
"Madison_MA","Induced",22569.0183225516,"Park County, MT (2024)","Impact"
"Park","Direct",1487116.08317334,"Park County, MT (2024)","Impact"
"Park","Indirect",619844.995406575,"Park County, MT (2024)","Impact"
"Park","Induced",88821.0406232805,"Park County, MT (2024)","Impact"
"Park_MA","Direct",1963672.29899165,"Park County, MT (2024)","Impact"
"Park_MA","Indirect",818925.926277158,"Park County, MT (2024)","Impact"
"Park_MA","Induced",117319.179316187,"Park County, MT (2024)","Impact"
"Rest of MT","Indirect",3980.69073725042,"Park County, MT (2024)","Impact"
"Rest of MT","Induced",672.43877828302,"Park County, MT (2024)","Impact"
"Rest of MT_MA","Indirect",151.146766854933,"Park County, MT (2024)","Impact"
"Rest of MT_MA","Induced",6.26382543807874,"Park County, MT (2024)","Impact"
"Yellowstone","Indirect",286.859655612024,"Park County, MT (2024)","Impact"
"Yellowstone","Induced",20.7144266145262,"Park County, MT (2024)","Impact"
"Yellowstone_MA","Indirect",4155.86238163753,"Park County, MT (2024)","Impact"
"Yellowstone_MA","Induced",444.970870344253,"Park County, MT (2024)","Impact"
"Gallatin_MA","Induced",328.717577017715,"Ravalli County, MT (2024)","Impact"
"Madison","Induced",143.345401692158,"Ravalli County, MT (2024)","Impact"
"Madison_MA","Induced",609.654674407551,"Ravalli County, MT (2024)","Impact"
"Missoula","Indirect",13777.6760210682,"Ravalli County, MT (2024)","Impact"
"Missoula","Induced",24743.176094429,"Ravalli County, MT (2024)","Impact"
"Missoula_MA","Indirect",4000.87154545251,"Ravalli County, MT (2024)","Impact"
"Missoula_MA","Induced",7562.97272551324,"Ravalli County, MT (2024)","Impact"
"Ravalli","Direct",390570.909069223,"Ravalli County, MT (2024)","Impact"
"Ravalli","Indirect",181720.59975039,"Ravalli County, MT (2024)","Impact"
"Ravalli","Induced",59698.1753807915,"Ravalli County, MT (2024)","Impact"
"Rest of MT","Induced",333.656723208431,"Ravalli County, MT (2024)","Impact"
"Gallatin","Indirect",9485.91089005474,"Yellowstone County, MT (2024)","Impact"
"Gallatin","Induced",2905.14641497393,"Yellowstone County, MT (2024)","Impact"
"Gallatin_MA","Indirect",73406.861604942,"Yellowstone County, MT (2024)","Impact"
"Gallatin_MA","Induced",22212.3231683161,"Yellowstone County, MT (2024)","Impact"
"Glacier","Indirect",205.301120012956,"Yellowstone County, MT (2024)","Impact"
"Glacier","Induced",47.9959472300487,"Yellowstone County, MT (2024)","Impact"
"Lewis and Clark","Induced",585.699410054259,"Yellowstone County, MT (2024)","Impact"
"Madison","Indirect",2562.07496552593,"Yellowstone County, MT (2024)","Impact"
"Madison","Induced",1268.45404473708,"Yellowstone County, MT (2024)","Impact"
"Madison_MA","Indirect",11786.3274288269,"Yellowstone County, MT (2024)","Impact"
"Madison_MA","Induced",7003.24409352934,"Yellowstone County, MT (2024)","Impact"
"Missoula","Indirect",286.125508077541,"Yellowstone County, MT (2024)","Impact"
"Missoula","Induced",937.190872495526,"Yellowstone County, MT (2024)","Impact"
"Missoula_MA","Indirect",88.3562134763349,"Yellowstone County, MT (2024)","Impact"
"Missoula_MA","Induced",289.406692030569,"Yellowstone County, MT (2024)","Impact"
"Park","Indirect",44039.7075335211,"Yellowstone County, MT (2024)","Impact"
"Park","Induced",10577.825204027,"Yellowstone County, MT (2024)","Impact"
"Park_MA","Indirect",58854.9614087271,"Yellowstone County, MT (2024)","Impact"
"Park_MA","Induced",14097.5497412765,"Yellowstone County, MT (2024)","Impact"
"Ravalli","Indirect",262.698476787836,"Yellowstone County, MT (2024)","Impact"
"Ravalli","Induced",14.1416192617468,"Yellowstone County, MT (2024)","Impact"
"Rest of MT","Indirect",13829.6278843329,"Yellowstone County, MT (2024)","Impact"
"Rest of MT","Induced",6971.88411347994,"Yellowstone County, MT (2024)","Impact"
"Rest of MT_MA","Indirect",484.518367267797,"Yellowstone County, MT (2024)","Impact"
"Rest of MT_MA","Induced",361.460414594228,"Yellowstone County, MT (2024)","Impact"
"Yellowstone","Direct",197662.29039872,"Yellowstone County, MT (2024)","Impact"
"Yellowstone","Indirect",98053.5424370043,"Yellowstone County, MT (2024)","Impact"
"Yellowstone","Induced",37463.6459270839,"Yellowstone County, MT (2024)","Impact"
"Yellowstone_MA","Direct",1789234.96384009,"Yellowstone County, MT (2024)","Impact"
"Yellowstone_MA","Indirect",887810.565294761,"Yellowstone County, MT (2024)","Impact"
"Yellowstone_MA","Induced",339351.327564907,"Yellowstone County, MT (2024)","Impact"
"Beaverhead","Direct",4365.11943502045,"Beaverhead County, MT (2024)","Employee Compensation"
"Beaverhead","Indirect",2530.94608450175,"Beaverhead County, MT (2024)","Employee Compensation"
"Beaverhead","Induced",916.615160785342,"Beaverhead County, MT (2024)","Employee Compensation"
"Gallatin","Indirect",254.896116011054,"Beaverhead County, MT (2024)","Employee Compensation"
"Gallatin","Induced",87.4561182161655,"Beaverhead County, MT (2024)","Employee Compensation"
"Gallatin_MA","Indirect",1847.18935095723,"Beaverhead County, MT (2024)","Employee Compensation"
"Gallatin_MA","Induced",704.081347732404,"Beaverhead County, MT (2024)","Employee Compensation"
"Lewis and Clark","Induced",16.181075855538,"Beaverhead County, MT (2024)","Employee Compensation"
"Madison","Indirect",596.603797358036,"Beaverhead County, MT (2024)","Employee Compensation"
"Madison","Induced",1725.75415417492,"Beaverhead County, MT (2024)","Employee Compensation"
"Madison_MA","Indirect",2652.27535503355,"Beaverhead County, MT (2024)","Employee Compensation"
"Madison_MA","Induced",7410.08505547424,"Beaverhead County, MT (2024)","Employee Compensation"
"Missoula","Indirect",15.6445820381206,"Beaverhead County, MT (2024)","Employee Compensation"
"Missoula","Induced",3.10426057220771,"Beaverhead County, MT (2024)","Employee Compensation"
"Park","Indirect",146.288512768466,"Beaverhead County, MT (2024)","Employee Compensation"
"Park","Induced",47.104882570936,"Beaverhead County, MT (2024)","Employee Compensation"
"Park_MA","Indirect",216.623739774421,"Beaverhead County, MT (2024)","Employee Compensation"
"Park_MA","Induced",65.3466515631958,"Beaverhead County, MT (2024)","Employee Compensation"
"Ravalli","Indirect",44.0531527350974,"Beaverhead County, MT (2024)","Employee Compensation"
"Ravalli","Induced",6.24018061510452,"Beaverhead County, MT (2024)","Employee Compensation"
"Silver Bow","Indirect",111.967964402544,"Beaverhead County, MT (2024)","Employee Compensation"
"Silver Bow","Induced",31.8623844026901,"Beaverhead County, MT (2024)","Employee Compensation"
"Beaverhead","Indirect",171.378164793646,"Gallatin County, MT (2024)","Employee Compensation"
"Beaverhead","Induced",53.6655017102998,"Gallatin County, MT (2024)","Employee Compensation"
"Cascade","Indirect",386.498392277931,"Gallatin County, MT (2024)","Employee Compensation"
"Cascade","Induced",173.797168521702,"Gallatin County, MT (2024)","Employee Compensation"
"Gallatin","Direct",206480.409775593,"Gallatin County, MT (2024)","Employee Compensation"
"Gallatin","Indirect",118359.731876928,"Gallatin County, MT (2024)","Employee Compensation"
"Gallatin","Induced",65689.0002334464,"Gallatin County, MT (2024)","Employee Compensation"
"Gallatin_MA","Direct",1481869.61715678,"Gallatin County, MT (2024)","Employee Compensation"
"Gallatin_MA","Indirect",852843.309130538,"Gallatin County, MT (2024)","Employee Compensation"
"Gallatin_MA","Induced",472292.883085631,"Gallatin County, MT (2024)","Employee Compensation"
"Glacier","Indirect",54.1869367910234,"Gallatin County, MT (2024)","Employee Compensation"
"Glacier","Induced",15.6687690330917,"Gallatin County, MT (2024)","Employee Compensation"
"Lewis and Clark","Indirect",1134.08550320848,"Gallatin County, MT (2024)","Employee Compensation"
"Lewis and Clark","Induced",497.76149770181,"Gallatin County, MT (2024)","Employee Compensation"
"Madison","Indirect",3825.0209982282,"Gallatin County, MT (2024)","Employee Compensation"
"Madison","Induced",41947.1972073202,"Gallatin County, MT (2024)","Employee Compensation"
"Madison_MA","Indirect",16754.9478321656,"Gallatin County, MT (2024)","Employee Compensation"
"Madison_MA","Induced",178714.729945913,"Gallatin County, MT (2024)","Employee Compensation"
"Missoula","Indirect",79.8611248710403,"Gallatin County, MT (2024)","Employee Compensation"
"Missoula","Induced",57.5120107850163,"Gallatin County, MT (2024)","Employee Compensation"
"Missoula_MA","Indirect",24.6612986202321,"Gallatin County, MT (2024)","Employee Compensation"
"Missoula_MA","Induced",7.04237364411837,"Gallatin County, MT (2024)","Employee Compensation"
"Park","Indirect",163430.864279452,"Gallatin County, MT (2024)","Employee Compensation"
"Park","Induced",36844.6566255483,"Gallatin County, MT (2024)","Employee Compensation"
"Park_MA","Indirect",216027.19429004,"Gallatin County, MT (2024)","Employee Compensation"
"Park_MA","Induced",48715.7796319066,"Gallatin County, MT (2024)","Employee Compensation"
"Ravalli","Indirect",28.349970038651,"Gallatin County, MT (2024)","Employee Compensation"
"Ravalli","Induced",8.99580618102155,"Gallatin County, MT (2024)","Employee Compensation"
"Rest of MT","Indirect",2073.91754843186,"Gallatin County, MT (2024)","Employee Compensation"
"Rest of MT","Induced",779.763926265028,"Gallatin County, MT (2024)","Employee Compensation"
"Rest of MT_MA","Indirect",42.5593891071239,"Gallatin County, MT (2024)","Employee Compensation"
"Rest of MT_MA","Induced",19.0861929885721,"Gallatin County, MT (2024)","Employee Compensation"
"Silver Bow","Indirect",55.6724173398205,"Gallatin County, MT (2024)","Employee Compensation"
"Silver Bow","Induced",19.2729734203793,"Gallatin County, MT (2024)","Employee Compensation"
"Yellowstone","Indirect",436.709644561913,"Gallatin County, MT (2024)","Employee Compensation"
"Yellowstone","Induced",155.30857844039,"Gallatin County, MT (2024)","Employee Compensation"
"Yellowstone_MA","Indirect",5103.88652151673,"Gallatin County, MT (2024)","Employee Compensation"
"Yellowstone_MA","Induced",1725.05603920323,"Gallatin County, MT (2024)","Employee Compensation"
"Beaverhead","Induced",36.4921713476193,"Madison County, MT (2024)","Employee Compensation"
"Gallatin","Indirect",5659.85200592885,"Madison County, MT (2024)","Employee Compensation"
"Gallatin","Induced",566.613328695169,"Madison County, MT (2024)","Employee Compensation"
"Gallatin_MA","Indirect",41411.6793278286,"Madison County, MT (2024)","Employee Compensation"
"Gallatin_MA","Induced",4157.6575144176,"Madison County, MT (2024)","Employee Compensation"
"Lewis and Clark","Induced",27.5880326434132,"Madison County, MT (2024)","Employee Compensation"
"Madison","Direct",783559.490034681,"Madison County, MT (2024)","Employee Compensation"
"Madison","Indirect",145492.206086296,"Madison County, MT (2024)","Employee Compensation"
"Madison","Induced",65890.4634057776,"Madison County, MT (2024)","Employee Compensation"
"Madison_MA","Direct",3332515.03108504,"Madison County, MT (2024)","Employee Compensation"
"Madison_MA","Indirect",618785.133553604,"Madison County, MT (2024)","Employee Compensation"
"Madison_MA","Induced",280280.25394662,"Madison County, MT (2024)","Employee Compensation"
"Missoula","Induced",21.6397789901743,"Madison County, MT (2024)","Employee Compensation"
"Park","Indirect",2906.88776229648,"Madison County, MT (2024)","Employee Compensation"
"Park","Induced",290.397908397352,"Madison County, MT (2024)","Employee Compensation"
"Park_MA","Indirect",3876.04737665317,"Madison County, MT (2024)","Employee Compensation"
"Park_MA","Induced",386.550550734633,"Madison County, MT (2024)","Employee Compensation"
"Rest of MT","Indirect",43.1305301571875,"Madison County, MT (2024)","Employee Compensation"
"Rest of MT","Induced",29.0423435824182,"Madison County, MT (2024)","Employee Compensation"
"Beaverhead","Indirect",18.5898997984646,"Rest of MT (2024)","Employee Compensation"
"Beaverhead","Induced",5.27457629378376,"Rest of MT (2024)","Employee Compensation"
"Cascade","Indirect",525.679994863732,"Rest of MT (2024)","Employee Compensation"
"Cascade","Induced",364.961015525913,"Rest of MT (2024)","Employee Compensation"
"Gallatin","Indirect",1138.37873996916,"Rest of MT (2024)","Employee Compensation"
"Gallatin","Induced",953.943816559957,"Rest of MT (2024)","Employee Compensation"
"Gallatin_MA","Indirect",9912.4043846904,"Rest of MT (2024)","Employee Compensation"
"Gallatin_MA","Induced",7578.9765850387,"Rest of MT (2024)","Employee Compensation"
"Glacier","Indirect",5236.51843661746,"Rest of MT (2024)","Employee Compensation"
"Glacier","Induced",1738.66568711613,"Rest of MT (2024)","Employee Compensation"
"Lewis and Clark","Indirect",450.881131046955,"Rest of MT (2024)","Employee Compensation"
"Lewis and Clark","Induced",5462.24241591093,"Rest of MT (2024)","Employee Compensation"
"Madison","Indirect",70.279024725645,"Rest of MT (2024)","Employee Compensation"
"Madison","Induced",1687.52699661635,"Rest of MT (2024)","Employee Compensation"
"Madison_MA","Indirect",784.644032710782,"Rest of MT (2024)","Employee Compensation"
"Madison_MA","Induced",7460.64800658886,"Rest of MT (2024)","Employee Compensation"
"Missoula","Indirect",646.315140298039,"Rest of MT (2024)","Employee Compensation"
"Missoula","Induced",1942.3490419221,"Rest of MT (2024)","Employee Compensation"
"Missoula_MA","Indirect",108.735120013576,"Rest of MT (2024)","Employee Compensation"
"Missoula_MA","Induced",581.390520404693,"Rest of MT (2024)","Employee Compensation"
"Park","Indirect",9524.19962221351,"Rest of MT (2024)","Employee Compensation"
"Park","Induced",2486.00848341506,"Rest of MT (2024)","Employee Compensation"
"Park_MA","Indirect",12694.1294114537,"Rest of MT (2024)","Employee Compensation"
"Park_MA","Induced",3306.77017670447,"Rest of MT (2024)","Employee Compensation"
"Ravalli","Indirect",166.228742223764,"Rest of MT (2024)","Employee Compensation"
"Ravalli","Induced",92.0198417790487,"Rest of MT (2024)","Employee Compensation"
"Rest of MT","Direct",210297.539532873,"Rest of MT (2024)","Employee Compensation"
"Rest of MT","Indirect",116934.833914458,"Rest of MT (2024)","Employee Compensation"
"Rest of MT","Induced",50770.2765927573,"Rest of MT (2024)","Employee Compensation"
"Rest of MT_MA","Direct",15233.1313794214,"Rest of MT (2024)","Employee Compensation"
"Rest of MT_MA","Indirect",8470.30208630342,"Rest of MT (2024)","Employee Compensation"
"Rest of MT_MA","Induced",3673.24562547112,"Rest of MT (2024)","Employee Compensation"
"Silver Bow","Indirect",62.6915808739495,"Rest of MT (2024)","Employee Compensation"
"Silver Bow","Induced",234.745194690219,"Rest of MT (2024)","Employee Compensation"
"Yellowstone","Indirect",1236.75262045338,"Rest of MT (2024)","Employee Compensation"
"Yellowstone","Induced",586.172000687097,"Rest of MT (2024)","Employee Compensation"
"Yellowstone_MA","Indirect",13089.575943963,"Rest of MT (2024)","Employee Compensation"
"Yellowstone_MA","Induced",5690.08100701194,"Rest of MT (2024)","Employee Compensation"
"Beaverhead","Induced",27.3750677526334,"Silver Bow County, MT (2024)","Employee Compensation"
"Cascade","Indirect",22.0200222188032,"Silver Bow County, MT (2024)","Employee Compensation"
"Cascade","Induced",17.429711074681,"Silver Bow County, MT (2024)","Employee Compensation"
"Gallatin","Indirect",666.752176078184,"Silver Bow County, MT (2024)","Employee Compensation"
"Gallatin","Induced",213.217751443056,"Silver Bow County, MT (2024)","Employee Compensation"
"Gallatin_MA","Indirect",5395.90078963975,"Silver Bow County, MT (2024)","Employee Compensation"
"Gallatin_MA","Induced",1769.79542918158,"Silver Bow County, MT (2024)","Employee Compensation"
"Lewis and Clark","Indirect",363.004538051245,"Silver Bow County, MT (2024)","Employee Compensation"
"Lewis and Clark","Induced",357.060350912921,"Silver Bow County, MT (2024)","Employee Compensation"
"Madison","Indirect",474.987702179571,"Silver Bow County, MT (2024)","Employee Compensation"
"Madison","Induced",877.353422148789,"Silver Bow County, MT (2024)","Employee Compensation"
"Madison_MA","Indirect",2517.98684812585,"Silver Bow County, MT (2024)","Employee Compensation"
"Madison_MA","Induced",4035.28929287198,"Silver Bow County, MT (2024)","Employee Compensation"
"Missoula","Indirect",137.847885419155,"Silver Bow County, MT (2024)","Employee Compensation"
"Missoula","Induced",38.5738878472537,"Silver Bow County, MT (2024)","Employee Compensation"
"Missoula_MA","Indirect",12.8131107707378,"Silver Bow County, MT (2024)","Employee Compensation"
"Missoula_MA","Induced",2.82484445955587,"Silver Bow County, MT (2024)","Employee Compensation"
"Park","Indirect",327.665133480097,"Silver Bow County, MT (2024)","Employee Compensation"
"Park","Induced",108.871553002991,"Silver Bow County, MT (2024)","Employee Compensation"
"Park_MA","Indirect",599.963601635955,"Silver Bow County, MT (2024)","Employee Compensation"
"Park_MA","Induced",178.046322167375,"Silver Bow County, MT (2024)","Employee Compensation"
"Ravalli","Indirect",46.4244457721111,"Silver Bow County, MT (2024)","Employee Compensation"
"Ravalli","Induced",11.4027188415785,"Silver Bow County, MT (2024)","Employee Compensation"
"Rest of MT","Indirect",376.688513223034,"Silver Bow County, MT (2024)","Employee Compensation"
"Rest of MT","Induced",494.754316004537,"Silver Bow County, MT (2024)","Employee Compensation"
"Rest of MT_MA","Induced",27.2255865599563,"Silver Bow County, MT (2024)","Employee Compensation"
"Silver Bow","Direct",12251.5255201289,"Silver Bow County, MT (2024)","Employee Compensation"
"Silver Bow","Indirect",5645.38133541267,"Silver Bow County, MT (2024)","Employee Compensation"
"Silver Bow","Induced",3481.66751467938,"Silver Bow County, MT (2024)","Employee Compensation"
"Yellowstone","Indirect",22.7715812779963,"Silver Bow County, MT (2024)","Employee Compensation"
"Yellowstone","Induced",4.55287571858242,"Silver Bow County, MT (2024)","Employee Compensation"
"Yellowstone_MA","Indirect",244.997215899008,"Silver Bow County, MT (2024)","Employee Compensation"
"Yellowstone_MA","Induced",212.345747231153,"Silver Bow County, MT (2024)","Employee Compensation"
"Cascade","Direct",22812.7630390083,"Cascade County, MT (2024)","Employee Compensation"
"Cascade","Indirect",22292.4320607554,"Cascade County, MT (2024)","Employee Compensation"
"Cascade","Induced",11967.4236201664,"Cascade County, MT (2024)","Employee Compensation"
"Gallatin","Indirect",179.913581660105,"Cascade County, MT (2024)","Employee Compensation"
"Gallatin","Induced",44.4582689207747,"Cascade County, MT (2024)","Employee Compensation"
"Gallatin_MA","Indirect",1794.85890664861,"Cascade County, MT (2024)","Employee Compensation"
"Gallatin_MA","Induced",589.254241733072,"Cascade County, MT (2024)","Employee Compensation"
"Glacier","Indirect",153.285328492484,"Cascade County, MT (2024)","Employee Compensation"
"Glacier","Induced",36.8830650034635,"Cascade County, MT (2024)","Employee Compensation"
"Lewis and Clark","Indirect",2677.63213276943,"Cascade County, MT (2024)","Employee Compensation"
"Lewis and Clark","Induced",995.08826142465,"Cascade County, MT (2024)","Employee Compensation"
"Madison","Indirect",120.993614286697,"Cascade County, MT (2024)","Employee Compensation"
"Madison","Induced",237.24982543906,"Cascade County, MT (2024)","Employee Compensation"
"Madison_MA","Indirect",524.385388540688,"Cascade County, MT (2024)","Employee Compensation"
"Madison_MA","Induced",1013.44408895171,"Cascade County, MT (2024)","Employee Compensation"
"Missoula","Indirect",38.3633136680148,"Cascade County, MT (2024)","Employee Compensation"
"Missoula","Induced",113.353786473627,"Cascade County, MT (2024)","Employee Compensation"
"Missoula_MA","Indirect",11.846679294291,"Cascade County, MT (2024)","Employee Compensation"
"Missoula_MA","Induced",35.003909379867,"Cascade County, MT (2024)","Employee Compensation"
"Park_MA","Indirect",79.92430921072,"Cascade County, MT (2024)","Employee Compensation"
"Park_MA","Induced",20.312439179033,"Cascade County, MT (2024)","Employee Compensation"
"Ravalli","Indirect",21.2847629527002,"Cascade County, MT (2024)","Employee Compensation"
"Ravalli","Induced",6.206439780978,"Cascade County, MT (2024)","Employee Compensation"
"Rest of MT","Indirect",468.822494504253,"Cascade County, MT (2024)","Employee Compensation"
"Rest of MT","Induced",417.925305427675,"Cascade County, MT (2024)","Employee Compensation"
"Yellowstone_MA","Induced",55.5145720541335,"Cascade County, MT (2024)","Employee Compensation"
"Cascade","Indirect",40.1028325462189,"Glacier County, MT (2024)","Employee Compensation"
"Cascade","Induced",2.79606028352993,"Glacier County, MT (2024)","Employee Compensation"
"Gallatin_MA","Indirect",23.0466674984231,"Glacier County, MT (2024)","Employee Compensation"
"Gallatin_MA","Induced",1.7037423263425,"Glacier County, MT (2024)","Employee Compensation"
"Glacier","Direct",25174.8950573756,"Glacier County, MT (2024)","Employee Compensation"
"Glacier","Indirect",14735.4129125862,"Glacier County, MT (2024)","Employee Compensation"
"Glacier","Induced",2599.61789124197,"Glacier County, MT (2024)","Employee Compensation"
"Lewis and Clark","Indirect",21.2426413036314,"Glacier County, MT (2024)","Employee Compensation"
"Lewis and Clark","Induced",1.58640443842101,"Glacier County, MT (2024)","Employee Compensation"
"Rest of MT","Indirect",68.6396663663214,"Glacier County, MT (2024)","Employee Compensation"
"Rest of MT","Induced",25.7862761585237,"Glacier County, MT (2024)","Employee Compensation"
"Cascade","Indirect",703.464300116836,"Lewis and Clark County, MT (2024)","Employee Compensation"
"Cascade","Induced",219.164370787081,"Lewis and Clark County, MT (2024)","Employee Compensation"
"Gallatin","Indirect",547.409109903209,"Lewis and Clark County, MT (2024)","Employee Compensation"
"Gallatin","Induced",230.707069465567,"Lewis and Clark County, MT (2024)","Employee Compensation"
"Gallatin_MA","Indirect",4193.70485384037,"Lewis and Clark County, MT (2024)","Employee Compensation"
"Gallatin_MA","Induced",1721.81862501744,"Lewis and Clark County, MT (2024)","Employee Compensation"
"Glacier","Indirect",144.056454764948,"Lewis and Clark County, MT (2024)","Employee Compensation"
"Glacier","Induced",31.0819294593524,"Lewis and Clark County, MT (2024)","Employee Compensation"
"Lewis and Clark","Direct",137394.378359857,"Lewis and Clark County, MT (2024)","Employee Compensation"
"Lewis and Clark","Indirect",81090.0082694262,"Lewis and Clark County, MT (2024)","Employee Compensation"
"Lewis and Clark","Induced",43749.8110650269,"Lewis and Clark County, MT (2024)","Employee Compensation"
"Madison","Indirect",263.165542111775,"Lewis and Clark County, MT (2024)","Employee Compensation"
"Madison","Induced",79.0836307908143,"Lewis and Clark County, MT (2024)","Employee Compensation"
"Madison_MA","Indirect",1152.26388829163,"Lewis and Clark County, MT (2024)","Employee Compensation"
"Madison_MA","Induced",418.051665893644,"Lewis and Clark County, MT (2024)","Employee Compensation"
"Missoula","Indirect",332.820852785551,"Lewis and Clark County, MT (2024)","Employee Compensation"
"Missoula","Induced",85.888789323635,"Lewis and Clark County, MT (2024)","Employee Compensation"
"Missoula_MA","Indirect",65.5876460392486,"Lewis and Clark County, MT (2024)","Employee Compensation"
"Missoula_MA","Induced",17.2578516088026,"Lewis and Clark County, MT (2024)","Employee Compensation"
"Park","Indirect",667.53542012072,"Lewis and Clark County, MT (2024)","Employee Compensation"
"Park","Induced",327.549854757448,"Lewis and Clark County, MT (2024)","Employee Compensation"
"Park_MA","Indirect",881.808763687955,"Lewis and Clark County, MT (2024)","Employee Compensation"
"Park_MA","Induced",432.641373844893,"Lewis and Clark County, MT (2024)","Employee Compensation"
"Ravalli","Indirect",50.866489052844,"Lewis and Clark County, MT (2024)","Employee Compensation"
"Ravalli","Induced",15.0314976139125,"Lewis and Clark County, MT (2024)","Employee Compensation"
"Rest of MT","Indirect",1047.7954515151,"Lewis and Clark County, MT (2024)","Employee Compensation"
"Rest of MT","Induced",450.841520106633,"Lewis and Clark County, MT (2024)","Employee Compensation"
"Silver Bow","Indirect",100.732386731115,"Lewis and Clark County, MT (2024)","Employee Compensation"
"Silver Bow","Induced",24.6287289708018,"Lewis and Clark County, MT (2024)","Employee Compensation"
"Yellowstone_MA","Indirect",48.0748567760669,"Lewis and Clark County, MT (2024)","Employee Compensation"
"Yellowstone_MA","Induced",10.4189974701891,"Lewis and Clark County, MT (2024)","Employee Compensation"
"Cascade","Indirect",80.8566382761551,"Missoula County, MT (2024)","Employee Compensation"
"Cascade","Induced",34.5425552503617,"Missoula County, MT (2024)","Employee Compensation"
"Gallatin","Induced",145.404467609999,"Missoula County, MT (2024)","Employee Compensation"
"Gallatin_MA","Indirect",52.5307265055177,"Missoula County, MT (2024)","Employee Compensation"
"Gallatin_MA","Induced",1059.25547233263,"Missoula County, MT (2024)","Employee Compensation"
"Lewis and Clark","Indirect",71.3890258983115,"Missoula County, MT (2024)","Employee Compensation"
"Lewis and Clark","Induced",247.894109419207,"Missoula County, MT (2024)","Employee Compensation"
"Madison_MA","Indirect",22.8332524563255,"Missoula County, MT (2024)","Employee Compensation"
"Madison_MA","Induced",79.6973359589869,"Missoula County, MT (2024)","Employee Compensation"
"Missoula","Direct",205860.750657813,"Missoula County, MT (2024)","Employee Compensation"
"Missoula","Indirect",137459.953257809,"Missoula County, MT (2024)","Employee Compensation"
"Missoula","Induced",82024.0216982866,"Missoula County, MT (2024)","Employee Compensation"
"Missoula_MA","Direct",63570.2721988385,"Missoula County, MT (2024)","Employee Compensation"
"Missoula_MA","Indirect",42422.0914873517,"Missoula County, MT (2024)","Employee Compensation"
"Missoula_MA","Induced",25315.831482428,"Missoula County, MT (2024)","Employee Compensation"
"Park","Induced",74.4501061248001,"Missoula County, MT (2024)","Employee Compensation"
"Park_MA","Induced",98.3696464034045,"Missoula County, MT (2024)","Employee Compensation"
"Ravalli","Indirect",4876.88089452565,"Missoula County, MT (2024)","Employee Compensation"
"Ravalli","Induced",1595.6843095626,"Missoula County, MT (2024)","Employee Compensation"
"Rest of MT","Indirect",773.935110760011,"Missoula County, MT (2024)","Employee Compensation"
"Rest of MT","Induced",580.350016617258,"Missoula County, MT (2024)","Employee Compensation"
"Yellowstone_MA","Induced",40.42478483903,"Missoula County, MT (2024)","Employee Compensation"
"Gallatin","Indirect",3917.37257022833,"Park County, MT (2024)","Employee Compensation"
"Gallatin","Induced",1198.14027686092,"Park County, MT (2024)","Employee Compensation"
"Gallatin_MA","Indirect",29857.2903642808,"Park County, MT (2024)","Employee Compensation"
"Gallatin_MA","Induced",8949.04018151422,"Park County, MT (2024)","Employee Compensation"
"Madison","Induced",1244.09627146721,"Park County, MT (2024)","Employee Compensation"
"Madison_MA","Indirect",65.9657244460687,"Park County, MT (2024)","Employee Compensation"
"Madison_MA","Induced",5353.6130186423,"Park County, MT (2024)","Employee Compensation"
"Park","Direct",92045.7189679214,"Park County, MT (2024)","Employee Compensation"
"Park","Indirect",81694.0445319092,"Park County, MT (2024)","Employee Compensation"
"Park","Induced",21057.3176095433,"Park County, MT (2024)","Employee Compensation"
"Park_MA","Direct",121542.380331455,"Park County, MT (2024)","Employee Compensation"
"Park_MA","Indirect",107941.924079114,"Park County, MT (2024)","Employee Compensation"
"Park_MA","Induced",27813.5393257874,"Park County, MT (2024)","Employee Compensation"
"Rest of MT","Indirect",359.526770223128,"Park County, MT (2024)","Employee Compensation"
"Rest of MT","Induced",159.459260154687,"Park County, MT (2024)","Employee Compensation"
"Rest of MT_MA","Indirect",12.4435369339942,"Park County, MT (2024)","Employee Compensation"
"Rest of MT_MA","Induced",1.48498608760268,"Park County, MT (2024)","Employee Compensation"
"Yellowstone","Indirect",22.8118942205565,"Park County, MT (2024)","Employee Compensation"
"Yellowstone","Induced",4.90708387608942,"Park County, MT (2024)","Employee Compensation"
"Yellowstone_MA","Indirect",419.536109477517,"Park County, MT (2024)","Employee Compensation"
"Yellowstone_MA","Induced",105.457966620369,"Park County, MT (2024)","Employee Compensation"
"Gallatin_MA","Induced",74.1808516173095,"Ravalli County, MT (2024)","Employee Compensation"
"Madison","Induced",32.348388757978,"Ravalli County, MT (2024)","Employee Compensation"
"Madison_MA","Induced",137.579205074235,"Ravalli County, MT (2024)","Employee Compensation"
"Missoula","Indirect",3701.938074267,"Ravalli County, MT (2024)","Employee Compensation"
"Missoula","Induced",5583.6275235079,"Ravalli County, MT (2024)","Employee Compensation"
"Missoula_MA","Indirect",1089.94156837547,"Ravalli County, MT (2024)","Employee Compensation"
"Missoula_MA","Induced",1706.69016177646,"Ravalli County, MT (2024)","Employee Compensation"
"Ravalli","Direct",20291.2001500787,"Ravalli County, MT (2024)","Employee Compensation"
"Ravalli","Indirect",28495.5309402769,"Ravalli County, MT (2024)","Employee Compensation"
"Ravalli","Induced",13466.5981277515,"Ravalli County, MT (2024)","Employee Compensation"
"Rest of MT","Induced",75.295456056822,"Ravalli County, MT (2024)","Employee Compensation"
"Gallatin","Indirect",2507.57504058143,"Yellowstone County, MT (2024)","Employee Compensation"
"Gallatin","Induced",827.674960332002,"Yellowstone County, MT (2024)","Employee Compensation"
"Gallatin_MA","Indirect",19236.2887053955,"Yellowstone County, MT (2024)","Employee Compensation"
"Gallatin_MA","Induced",6328.28581334757,"Yellowstone County, MT (2024)","Employee Compensation"
"Glacier","Indirect",56.2213212592813,"Yellowstone County, MT (2024)","Employee Compensation"
"Glacier","Induced",13.6740073787112,"Yellowstone County, MT (2024)","Employee Compensation"
"Lewis and Clark","Induced",166.862761202455,"Yellowstone County, MT (2024)","Employee Compensation"
"Madison","Indirect",798.59894548562,"Yellowstone County, MT (2024)","Employee Compensation"
"Madison","Induced",361.388082729916,"Yellowstone County, MT (2024)","Employee Compensation"
"Madison_MA","Indirect",3673.34959062869,"Yellowstone County, MT (2024)","Employee Compensation"
"Madison_MA","Induced",1995.24886234881,"Yellowstone County, MT (2024)","Employee Compensation"
"Missoula","Indirect",14.0704263734264,"Yellowstone County, MT (2024)","Employee Compensation"
"Missoula","Induced",267.001093646994,"Yellowstone County, MT (2024)","Employee Compensation"
"Missoula_MA","Indirect",4.34497995200275,"Yellowstone County, MT (2024)","Employee Compensation"
"Missoula_MA","Induced",82.4505504147339,"Yellowstone County, MT (2024)","Employee Compensation"
"Park","Indirect",11913.2430255267,"Yellowstone County, MT (2024)","Employee Compensation"
"Park","Induced",3013.63558989897,"Yellowstone County, MT (2024)","Employee Compensation"
"Park_MA","Indirect",15853.6970121554,"Yellowstone County, MT (2024)","Employee Compensation"
"Park_MA","Induced",4016.41026197694,"Yellowstone County, MT (2024)","Employee Compensation"
"Ravalli","Indirect",12.9183853648337,"Yellowstone County, MT (2024)","Employee Compensation"
"Ravalli","Induced",4.02904096188754,"Yellowstone County, MT (2024)","Employee Compensation"
"Rest of MT","Indirect",3212.65671715041,"Yellowstone County, MT (2024)","Employee Compensation"
"Rest of MT","Induced",1986.3140557028,"Yellowstone County, MT (2024)","Employee Compensation"
"Rest of MT_MA","Indirect",82.1175812577059,"Yellowstone County, MT (2024)","Employee Compensation"
"Rest of MT_MA","Induced",102.981347234609,"Yellowstone County, MT (2024)","Employee Compensation"
"Yellowstone","Direct",24106.849127761,"Yellowstone County, MT (2024)","Employee Compensation"
"Yellowstone","Indirect",18369.5286646796,"Yellowstone County, MT (2024)","Employee Compensation"
"Yellowstone","Induced",10673.6235124351,"Yellowstone County, MT (2024)","Employee Compensation"
"Yellowstone_MA","Direct",218214.69962936,"Yellowstone County, MT (2024)","Employee Compensation"
"Yellowstone_MA","Indirect",166303.863617541,"Yellowstone County, MT (2024)","Employee Compensation"
"Yellowstone_MA","Induced",96683.283942949,"Yellowstone County, MT (2024)","Employee Compensation"
"Beaverhead","Direct",0.111258353175226,"Beaverhead County, MT (2024)","FTE"
"Beaverhead","Indirect",0.0729783179565683,"Beaverhead County, MT (2024)","FTE"
"Beaverhead","Induced",0.0221948007305179,"Beaverhead County, MT (2024)","FTE"
"Gallatin","Indirect",0.00372478888220603,"Beaverhead County, MT (2024)","FTE"
"Gallatin","Induced",0.00211723102907092,"Beaverhead County, MT (2024)","FTE"
"Gallatin_MA","Indirect",0.0271260056912046,"Beaverhead County, MT (2024)","FTE"
"Gallatin_MA","Induced",0.0170446983072014,"Beaverhead County, MT (2024)","FTE"
"Lewis and Clark","Induced",0.000391621418220092,"Beaverhead County, MT (2024)","FTE"
"Madison","Indirect",0.00762670701884259,"Beaverhead County, MT (2024)","FTE"
"Madison","Induced",0.0417693002268536,"Beaverhead County, MT (2024)","FTE"
"Madison_MA","Indirect",0.0342495720677014,"Beaverhead County, MT (2024)","FTE"
"Madison_MA","Induced",0.17935074249977,"Beaverhead County, MT (2024)","FTE"
"Missoula","Indirect",0.000341430625159045,"Beaverhead County, MT (2024)","FTE"
"Missoula","Induced",0.0000751732296588362,"Beaverhead County, MT (2024)","FTE"
"Park","Indirect",0.00215963018183889,"Beaverhead County, MT (2024)","FTE"
"Park","Induced",0.00114038408968436,"Beaverhead County, MT (2024)","FTE"
"Park_MA","Indirect",0.00347712947642102,"Beaverhead County, MT (2024)","FTE"
"Park_MA","Induced",0.0015820213137213,"Beaverhead County, MT (2024)","FTE"
"Ravalli","Indirect",0.00114319967371754,"Beaverhead County, MT (2024)","FTE"
"Ravalli","Induced",0.000151101942272579,"Beaverhead County, MT (2024)","FTE"
"Silver Bow","Indirect",0.00299064290810717,"Beaverhead County, MT (2024)","FTE"
"Silver Bow","Induced",0.000771317946323064,"Beaverhead County, MT (2024)","FTE"
"Beaverhead","Indirect",0.00540499776916242,"Gallatin County, MT (2024)","FTE"
"Beaverhead","Induced",0.000880492749797715,"Gallatin County, MT (2024)","FTE"
"Cascade","Indirect",0.0143950855217809,"Gallatin County, MT (2024)","FTE"
"Cascade","Induced",0.00285275096140186,"Gallatin County, MT (2024)","FTE"
"Gallatin","Direct",3.38640206056224,"Gallatin County, MT (2024)","FTE"
"Gallatin","Indirect",2.4089838921914,"Gallatin County, MT (2024)","FTE"
"Gallatin","Induced",1.07697616726075,"Gallatin County, MT (2024)","FTE"
"Gallatin_MA","Direct",24.3035469102284,"Gallatin County, MT (2024)","FTE"
"Gallatin_MA","Indirect",17.3295828691033,"Gallatin County, MT (2024)","FTE"
"Gallatin_MA","Induced",7.74327819193208,"Gallatin County, MT (2024)","FTE"
"Glacier","Indirect",0.00124004045061399,"Gallatin County, MT (2024)","FTE"
"Glacier","Induced",0.00025704707319688,"Gallatin County, MT (2024)","FTE"
"Lewis and Clark","Indirect",0.0254099153674223,"Gallatin County, MT (2024)","FTE"
"Lewis and Clark","Induced",0.00816351737476976,"Gallatin County, MT (2024)","FTE"
"Madison","Indirect",0.0725971304599822,"Gallatin County, MT (2024)","FTE"
"Madison","Induced",0.687415042911616,"Gallatin County, MT (2024)","FTE"
"Madison_MA","Indirect",0.316616011220466,"Gallatin County, MT (2024)","FTE"
"Madison_MA","Induced",2.92871169142527,"Gallatin County, MT (2024)","FTE"
"Missoula","Indirect",0.00122155213319733,"Gallatin County, MT (2024)","FTE"
"Missoula","Induced",0.000942621709954801,"Gallatin County, MT (2024)","FTE"
"Missoula_MA","Indirect",0.000377218101868798,"Gallatin County, MT (2024)","FTE"
"Missoula_MA","Induced",0.000115454190764796,"Gallatin County, MT (2024)","FTE"
"Park","Indirect",2.84458231092854,"Gallatin County, MT (2024)","FTE"
"Park","Induced",0.604079577752079,"Gallatin County, MT (2024)","FTE"
"Park_MA","Indirect",3.76027957499691,"Gallatin County, MT (2024)","FTE"
"Park_MA","Induced",0.798710364574179,"Gallatin County, MT (2024)","FTE"
"Ravalli","Indirect",0.000482188184664144,"Gallatin County, MT (2024)","FTE"
"Ravalli","Induced",0.000147585236735424,"Gallatin County, MT (2024)","FTE"
"Rest of MT","Indirect",0.0498566481380166,"Gallatin County, MT (2024)","FTE"
"Rest of MT","Induced",0.0127890718919496,"Gallatin County, MT (2024)","FTE"
"Rest of MT_MA","Indirect",0.00158511926101686,"Gallatin County, MT (2024)","FTE"
"Rest of MT_MA","Induced",0.000313285629799264,"Gallatin County, MT (2024)","FTE"
"Silver Bow","Indirect",0.00203203650925783,"Gallatin County, MT (2024)","FTE"
"Silver Bow","Induced",0.000316260144954257,"Gallatin County, MT (2024)","FTE"
"Yellowstone","Indirect",0.0165649068472668,"Gallatin County, MT (2024)","FTE"
"Yellowstone","Induced",0.00254875529671595,"Gallatin County, MT (2024)","FTE"
"Yellowstone_MA","Indirect",0.165589808796587,"Gallatin County, MT (2024)","FTE"
"Yellowstone_MA","Induced",0.028304088085305,"Gallatin County, MT (2024)","FTE"
"Beaverhead","Induced",0.000850381942115516,"Madison County, MT (2024)","FTE"
"Gallatin","Indirect",0.0296171462038785,"Madison County, MT (2024)","FTE"
"Gallatin","Induced",0.0132024542671645,"Madison County, MT (2024)","FTE"
"Gallatin_MA","Indirect",0.225819007827366,"Madison County, MT (2024)","FTE"
"Gallatin_MA","Induced",0.096874649407264,"Madison County, MT (2024)","FTE"
"Lewis and Clark","Induced",0.000642887608823599,"Madison County, MT (2024)","FTE"
"Madison","Direct",3.15736115359972,"Madison County, MT (2024)","FTE"
"Madison","Indirect",1.98963995565378,"Madison County, MT (2024)","FTE"
"Madison","Induced",1.53521651207701,"Madison County, MT (2024)","FTE"
"Madison_MA","Direct",13.4284041438505,"Madison County, MT (2024)","FTE"
"Madison_MA","Indirect",8.46203146409489,"Madison County, MT (2024)","FTE"
"Madison_MA","Induced",6.53039700035364,"Madison County, MT (2024)","FTE"
"Missoula","Induced",0.000504274659606287,"Madison County, MT (2024)","FTE"
"Park","Indirect",0.0149331779227527,"Madison County, MT (2024)","FTE"
"Park","Induced",0.00676647304509837,"Madison County, MT (2024)","FTE"
"Park_MA","Indirect",0.0198733619072732,"Madison County, MT (2024)","FTE"
"Park_MA","Induced",0.00900688688239349,"Madison County, MT (2024)","FTE"
"Rest of MT","Indirect",0.000239456318868328,"Madison County, MT (2024)","FTE"
"Rest of MT","Induced",0.00067676644251621,"Madison County, MT (2024)","FTE"
"Beaverhead","Indirect",0.00151073571525906,"Rest of MT (2024)","FTE"
"Beaverhead","Induced",0.000112098228321713,"Rest of MT (2024)","FTE"
"Cascade","Indirect",0.0235880465446506,"Rest of MT (2024)","FTE"
"Cascade","Induced",0.00774672392828539,"Rest of MT (2024)","FTE"
"Gallatin","Indirect",0.0183044654184958,"Rest of MT (2024)","FTE"
"Gallatin","Induced",0.0202375706815355,"Rest of MT (2024)","FTE"
"Gallatin_MA","Indirect",0.168938372954228,"Rest of MT (2024)","FTE"
"Gallatin_MA","Induced",0.160790130290631,"Rest of MT (2024)","FTE"
"Glacier","Indirect",0.23446355651814,"Rest of MT (2024)","FTE"
"Glacier","Induced",0.0369198070690589,"Rest of MT (2024)","FTE"
"Lewis and Clark","Indirect",0.00985598853555423,"Rest of MT (2024)","FTE"
"Lewis and Clark","Induced",0.115869200351535,"Rest of MT (2024)","FTE"
"Madison","Indirect",0.000577043352631087,"Rest of MT (2024)","FTE"
"Madison","Induced",0.0357963811440023,"Rest of MT (2024)","FTE"
"Madison_MA","Indirect",0.0122306994814195,"Rest of MT (2024)","FTE"
"Madison_MA","Induced",0.158259828451026,"Rest of MT (2024)","FTE"
"Missoula","Indirect",0.0174579349677579,"Rest of MT (2024)","FTE"
"Missoula","Induced",0.0412041351980616,"Rest of MT (2024)","FTE"
"Missoula_MA","Indirect",0.00380854088235512,"Rest of MT (2024)","FTE"
"Missoula_MA","Induced",0.0123330946659354,"Rest of MT (2024)","FTE"
"Park","Indirect",0.202054287533972,"Rest of MT (2024)","FTE"
"Park","Induced",0.0527591519184703,"Rest of MT (2024)","FTE"
"Park_MA","Indirect",0.268909231384605,"Rest of MT (2024)","FTE"
"Park_MA","Induced",0.0701779036824939,"Rest of MT (2024)","FTE"
"Ravalli","Indirect",0.0026378036826191,"Rest of MT (2024)","FTE"
"Ravalli","Induced",0.00195238845876615,"Rest of MT (2024)","FTE"
"Rest of MT","Direct",4.82329920701927,"Rest of MT (2024)","FTE"
"Rest of MT","Indirect",3.49400662306528,"Rest of MT (2024)","FTE"
"Rest of MT","Induced",1.07747518941422,"Rest of MT (2024)","FTE"
"Rest of MT_MA","Direct",0.349380932682279,"Rest of MT (2024)","FTE"
"Rest of MT_MA","Indirect",0.253092176199247,"Rest of MT (2024)","FTE"
"Rest of MT_MA","Induced",0.0779557167493212,"Rest of MT (2024)","FTE"
"Silver Bow","Indirect",0.00509472408668656,"Rest of MT (2024)","FTE"
"Silver Bow","Induced",0.00498019841752916,"Rest of MT (2024)","FTE"
"Yellowstone","Indirect",0.0622403099000897,"Rest of MT (2024)","FTE"
"Yellowstone","Induced",0.0124417092094634,"Rest of MT (2024)","FTE"
"Yellowstone_MA","Indirect",0.59953915163334,"Rest of MT (2024)","FTE"
"Yellowstone_MA","Induced",0.120775921569868,"Rest of MT (2024)","FTE"
"Beaverhead","Induced",0.00054009882557467,"Silver Bow County, MT (2024)","FTE"
"Cascade","Indirect",0.00126640431828772,"Silver Bow County, MT (2024)","FTE"
"Cascade","Induced",0.000344838752779267,"Silver Bow County, MT (2024)","FTE"
"Gallatin","Indirect",0.00902086294871639,"Silver Bow County, MT (2024)","FTE"
"Gallatin","Induced",0.00420775279802956,"Silver Bow County, MT (2024)","FTE"
"Gallatin_MA","Indirect",0.0706806679483714,"Silver Bow County, MT (2024)","FTE"
"Gallatin_MA","Induced",0.0349268484829664,"Silver Bow County, MT (2024)","FTE"
"Lewis and Clark","Indirect",0.00575435249107861,"Silver Bow County, MT (2024)","FTE"
"Lewis and Clark","Induced",0.00704702850210355,"Silver Bow County, MT (2024)","FTE"
"Madison","Indirect",0.00325084549452069,"Silver Bow County, MT (2024)","FTE"
"Madison","Induced",0.0173104251092248,"Silver Bow County, MT (2024)","FTE"
"Madison_MA","Indirect",0.022272149614763,"Silver Bow County, MT (2024)","FTE"
"Madison_MA","Induced",0.0796199264001447,"Silver Bow County, MT (2024)","FTE"
"Missoula","Indirect",0.00176351813013349,"Silver Bow County, MT (2024)","FTE"
"Missoula","Induced",0.000761659902634481,"Silver Bow County, MT (2024)","FTE"
"Missoula_MA","Indirect",0.0000855876963710082,"Silver Bow County, MT (2024)","FTE"
"Missoula_MA","Induced",0.0000557421844604847,"Silver Bow County, MT (2024)","FTE"
"Park","Indirect",0.00340919335829238,"Silver Bow County, MT (2024)","FTE"
"Park","Induced",0.00214860011288299,"Silver Bow County, MT (2024)","FTE"
"Park_MA","Indirect",0.00753511011711507,"Silver Bow County, MT (2024)","FTE"
"Park_MA","Induced",0.00351384363683184,"Silver Bow County, MT (2024)","FTE"
"Ravalli","Indirect",0.000648109645776432,"Silver Bow County, MT (2024)","FTE"
"Ravalli","Induced",0.000225170208126374,"Silver Bow County, MT (2024)","FTE"
"Rest of MT","Indirect",0.00817038890361567,"Silver Bow County, MT (2024)","FTE"
"Rest of MT","Induced",0.009765047358557,"Silver Bow County, MT (2024)","FTE"
"Rest of MT_MA","Induced",0.000537149623134702,"Silver Bow County, MT (2024)","FTE"
"Silver Bow","Direct",0.212250314028109,"Silver Bow County, MT (2024)","FTE"
"Silver Bow","Indirect",0.151737884106136,"Silver Bow County, MT (2024)","FTE"
"Silver Bow","Induced",0.0687270780640138,"Silver Bow County, MT (2024)","FTE"
"Yellowstone","Indirect",0.000152107261006427,"Silver Bow County, MT (2024)","FTE"
"Yellowstone","Induced",0.0000898411370128266,"Silver Bow County, MT (2024)","FTE"
"Yellowstone_MA","Indirect",0.00173142474022446,"Silver Bow County, MT (2024)","FTE"
"Yellowstone_MA","Induced",0.00418985158135301,"Silver Bow County, MT (2024)","FTE"
"Cascade","Direct",1.05733181535292,"Cascade County, MT (2024)","FTE"
"Cascade","Indirect",0.622122400081988,"Cascade County, MT (2024)","FTE"
"Cascade","Induced",0.213914622433971,"Cascade County, MT (2024)","FTE"
"Gallatin","Indirect",0.00265000421084096,"Cascade County, MT (2024)","FTE"
"Gallatin","Induced",0.000794512431241332,"Cascade County, MT (2024)","FTE"
"Gallatin_MA","Indirect",0.0253107286009375,"Cascade County, MT (2024)","FTE"
"Gallatin_MA","Induced",0.0105305446260462,"Cascade County, MT (2024)","FTE"
"Glacier","Indirect",0.00198598994950515,"Cascade County, MT (2024)","FTE"
"Glacier","Induced",0.000659145829973216,"Cascade County, MT (2024)","FTE"
"Lewis and Clark","Indirect",0.0325979544081605,"Cascade County, MT (2024)","FTE"
"Lewis and Clark","Induced",0.0177837655931846,"Cascade County, MT (2024)","FTE"
"Madison","Indirect",0.00328557079607039,"Cascade County, MT (2024)","FTE"
"Madison","Induced",0.00423980912525364,"Cascade County, MT (2024)","FTE"
"Madison_MA","Indirect",0.0140744862710461,"Cascade County, MT (2024)","FTE"
"Madison_MA","Induced",0.0181109153128182,"Cascade County, MT (2024)","FTE"
"Missoula","Indirect",0.000394841663074141,"Cascade County, MT (2024)","FTE"
"Missoula","Induced",0.00202571895474608,"Cascade County, MT (2024)","FTE"
"Missoula_MA","Indirect",0.000121928011613964,"Cascade County, MT (2024)","FTE"
"Missoula_MA","Induced",0.000625546661712163,"Cascade County, MT (2024)","FTE"
"Park_MA","Indirect",0.000599663577081821,"Cascade County, MT (2024)","FTE"
"Park_MA","Induced",0.000362997024676188,"Cascade County, MT (2024)","FTE"
"Ravalli","Indirect",0.000219066352690745,"Cascade County, MT (2024)","FTE"
"Ravalli","Induced",0.000110924993592863,"Cascade County, MT (2024)","FTE"
"Rest of MT","Indirect",0.00950357310748314,"Cascade County, MT (2024)","FTE"
"Rest of MT","Induced",0.00746868147717144,"Cascade County, MT (2024)","FTE"
"Yellowstone_MA","Induced",0.000992074599146224,"Cascade County, MT (2024)","FTE"
"Cascade","Indirect",0.000633942953331774,"Glacier County, MT (2024)","FTE"
"Cascade","Induced",0.0000631080624203287,"Glacier County, MT (2024)","FTE"
"Gallatin_MA","Indirect",0.000363553930835963,"Glacier County, MT (2024)","FTE"
"Gallatin_MA","Induced",0.0000384540632765473,"Glacier County, MT (2024)","FTE"
"Glacier","Direct",0.757475963844379,"Glacier County, MT (2024)","FTE"
"Glacier","Indirect",0.502104010140191,"Glacier County, MT (2024)","FTE"
"Glacier","Induced",0.0586820751452077,"Glacier County, MT (2024)","FTE"
"Lewis and Clark","Indirect",0.000335095985040006,"Glacier County, MT (2024)","FTE"
"Lewis and Clark","Induced",0.0000358057058946209,"Glacier County, MT (2024)","FTE"
"Rest of MT","Indirect",0.00617894351972802,"Glacier County, MT (2024)","FTE"
"Rest of MT","Induced",0.00058227560267008,"Glacier County, MT (2024)","FTE"
"Cascade","Indirect",0.0104437297222666,"Lewis and Clark County, MT (2024)","FTE"
"Cascade","Induced",0.00377169476756984,"Lewis and Clark County, MT (2024)","FTE"
"Gallatin","Indirect",0.00809843103600495,"Lewis and Clark County, MT (2024)","FTE"
"Gallatin","Induced",0.00396954821444119,"Lewis and Clark County, MT (2024)","FTE"
"Gallatin_MA","Indirect",0.0616095657147902,"Lewis and Clark County, MT (2024)","FTE"
"Gallatin_MA","Induced",0.0296257482119136,"Lewis and Clark County, MT (2024)","FTE"
"Glacier","Indirect",0.00290978816902943,"Lewis and Clark County, MT (2024)","FTE"
"Glacier","Induced",0.00053498657834019,"Lewis and Clark County, MT (2024)","FTE"
"Lewis and Clark","Direct",2.07999488242483,"Lewis and Clark County, MT (2024)","FTE"
"Lewis and Clark","Indirect",1.37090212706077,"Lewis and Clark County, MT (2024)","FTE"
"Lewis and Clark","Induced",0.752851738695247,"Lewis and Clark County, MT (2024)","FTE"
"Madison","Indirect",0.00524869264376673,"Lewis and Clark County, MT (2024)","FTE"
"Madison","Induced",0.00136077803963055,"Lewis and Clark County, MT (2024)","FTE"
"Madison_MA","Indirect",0.0226317337780238,"Lewis and Clark County, MT (2024)","FTE"
"Madison_MA","Induced",0.00719326209962069,"Lewis and Clark County, MT (2024)","FTE"
"Missoula","Indirect",0.00400580697751782,"Lewis and Clark County, MT (2024)","FTE"
"Missoula","Induced",0.0014779651924277,"Lewis and Clark County, MT (2024)","FTE"
"Missoula_MA","Indirect",0.000640060347719338,"Lewis and Clark County, MT (2024)","FTE"
"Missoula_MA","Induced",0.000296953703386719,"Lewis and Clark County, MT (2024)","FTE"
"Park","Indirect",0.00805007522578424,"Lewis and Clark County, MT (2024)","FTE"
"Park","Induced",0.00563577034165981,"Lewis and Clark County, MT (2024)","FTE"
"Park_MA","Indirect",0.0106350472917355,"Lewis and Clark County, MT (2024)","FTE"
"Park_MA","Induced",0.00744395823172279,"Lewis and Clark County, MT (2024)","FTE"
"Ravalli","Indirect",0.000509595491864115,"Lewis and Clark County, MT (2024)","FTE"
"Ravalli","Induced",0.000258650813379992,"Lewis and Clark County, MT (2024)","FTE"
"Rest of MT","Indirect",0.0180533672112797,"Lewis and Clark County, MT (2024)","FTE"
"Rest of MT","Induced",0.00775772948774533,"Lewis and Clark County, MT (2024)","FTE"
"Silver Bow","Indirect",0.000983032786984514,"Lewis and Clark County, MT (2024)","FTE"
"Silver Bow","Induced",0.000423783472205602,"Lewis and Clark County, MT (2024)","FTE"
"Yellowstone_MA","Indirect",0.000971061308589287,"Lewis and Clark County, MT (2024)","FTE"
"Yellowstone_MA","Induced",0.000179333262228815,"Lewis and Clark County, MT (2024)","FTE"
"Cascade","Indirect",0.00290579131720289,"Missoula County, MT (2024)","FTE"
"Cascade","Induced",0.000577677330452865,"Missoula County, MT (2024)","FTE"
"Gallatin","Induced",0.00242789064298081,"Missoula County, MT (2024)","FTE"
"Gallatin_MA","Indirect",0.000927475298102429,"Missoula County, MT (2024)","FTE"
"Gallatin_MA","Induced",0.0176871034489195,"Missoula County, MT (2024)","FTE"
"Lewis and Clark","Indirect",0.00256554830897615,"Missoula County, MT (2024)","FTE"
"Lewis and Clark","Induced",0.00414007777032992,"Missoula County, MT (2024)","FTE"
"Madison_MA","Indirect",0.000160478849599706,"Missoula County, MT (2024)","FTE"
"Madison_MA","Induced",0.00133070582629229,"Missoula County, MT (2024)","FTE"
"Missoula","Direct",2.9297708472204,"Missoula County, MT (2024)","FTE"
"Missoula","Indirect",2.54441939803641,"Missoula County, MT (2024)","FTE"
"Missoula","Induced",1.37004044886513,"Missoula County, MT (2024)","FTE"
"Missoula_MA","Direct",0.904719960667032,"Missoula County, MT (2024)","FTE"
"Missoula_MA","Indirect",0.785318187160212,"Missoula County, MT (2024)","FTE"
"Missoula_MA","Induced",0.422848104401814,"Missoula County, MT (2024)","FTE"
"Park","Induced",0.00124313041408158,"Missoula County, MT (2024)","FTE"
"Park_MA","Induced",0.00164252686304484,"Missoula County, MT (2024)","FTE"
"Ravalli","Indirect",0.0879954274562432,"Missoula County, MT (2024)","FTE"
"Ravalli","Induced",0.02666068845922,"Missoula County, MT (2024)","FTE"
"Rest of MT","Indirect",0.0133211842004625,"Missoula County, MT (2024)","FTE"
"Rest of MT","Induced",0.00969287318435714,"Missoula County, MT (2024)","FTE"
"Yellowstone_MA","Induced",0.000674992718369846,"Missoula County, MT (2024)","FTE"
"Gallatin","Indirect",0.215072473852118,"Park County, MT (2024)","FTE"
"Gallatin","Induced",0.0259391194427132,"Park County, MT (2024)","FTE"
"Gallatin_MA","Indirect",1.57945836866942,"Park County, MT (2024)","FTE"
"Gallatin_MA","Induced",0.193741544453437,"Park County, MT (2024)","FTE"
"Madison","Induced",0.0269224651525373,"Park County, MT (2024)","FTE"
"Madison_MA","Indirect",0.0017586013027546,"Park County, MT (2024)","FTE"
"Madison_MA","Induced",0.115853888050941,"Park County, MT (2024)","FTE"
"Park","Direct",6.90963177061135,"Park County, MT (2024)","FTE"
"Park","Indirect",3.54537432475425,"Park County, MT (2024)","FTE"
"Park","Induced",0.456042451869148,"Park County, MT (2024)","FTE"
"Park_MA","Direct",9.12386911667916,"Park County, MT (2024)","FTE"
"Park_MA","Indirect",4.68333566856043,"Park County, MT (2024)","FTE"
"Park_MA","Induced",0.60236317342288,"Park County, MT (2024)","FTE"
"Rest of MT","Indirect",0.0224507579456846,"Park County, MT (2024)","FTE"
"Rest of MT","Induced",0.00345224436909135,"Park County, MT (2024)","FTE"
"Rest of MT_MA","Indirect",0.000749541250340866,"Park County, MT (2024)","FTE"
"Rest of MT_MA","Induced",0.0000321610862200683,"Park County, MT (2024)","FTE"
"Yellowstone","Indirect",0.00193325820564172,"Park County, MT (2024)","FTE"
"Yellowstone","Induced",0.000106386573109423,"Park County, MT (2024)","FTE"
"Yellowstone_MA","Indirect",0.0271438210872456,"Park County, MT (2024)","FTE"
"Yellowstone_MA","Induced",0.00228492819199617,"Park County, MT (2024)","FTE"
"Gallatin_MA","Induced",0.00175426276232041,"Ravalli County, MT (2024)","FTE"
"Madison","Induced",0.000764989516593033,"Ravalli County, MT (2024)","FTE"
"Madison_MA","Induced",0.0032535360685325,"Ravalli County, MT (2024)","FTE"
"Missoula","Indirect",0.0964169663837785,"Ravalli County, MT (2024)","FTE"
"Missoula","Induced",0.132050408679677,"Ravalli County, MT (2024)","FTE"
"Missoula_MA","Indirect",0.0287989112364859,"Ravalli County, MT (2024)","FTE"
"Missoula_MA","Induced",0.0403622151096934,"Ravalli County, MT (2024)","FTE"
"Ravalli","Direct",1.64943555183389,"Ravalli County, MT (2024)","FTE"
"Ravalli","Indirect",0.906110322901405,"Ravalli County, MT (2024)","FTE"
"Ravalli","Induced",0.318791646772285,"Ravalli County, MT (2024)","FTE"
"Rest of MT","Induced",0.00178062143872172,"Ravalli County, MT (2024)","FTE"
"Gallatin","Indirect",0.0289828466802742,"Yellowstone County, MT (2024)","FTE"
"Gallatin","Induced",0.0135532848279346,"Yellowstone County, MT (2024)","FTE"
"Gallatin_MA","Indirect",0.226623756457888,"Yellowstone County, MT (2024)","FTE"
"Gallatin_MA","Induced",0.1036274740997,"Yellowstone County, MT (2024)","FTE"
"Glacier","Indirect",0.000803049454264843,"Yellowstone County, MT (2024)","FTE"
"Glacier","Induced",0.000223909927611026,"Yellowstone County, MT (2024)","FTE"
"Lewis and Clark","Induced",0.00273180908432169,"Yellowstone County, MT (2024)","FTE"
"Madison","Indirect",0.00997451883094406,"Yellowstone County, MT (2024)","FTE"
"Madison","Induced",0.00591908093454204,"Yellowstone County, MT (2024)","FTE"
"Madison_MA","Indirect",0.0460614743828944,"Yellowstone County, MT (2024)","FTE"
"Madison_MA","Induced",0.0326783957715008,"Yellowstone County, MT (2024)","FTE"
"Missoula","Indirect",0.000126941550591886,"Yellowstone County, MT (2024)","FTE"
"Missoula","Induced",0.00437127934584607,"Yellowstone County, MT (2024)","FTE"
"Missoula_MA","Indirect",0.0000391998421198924,"Yellowstone County, MT (2024)","FTE"
"Missoula_MA","Induced",0.0013498610929215,"Yellowstone County, MT (2024)","FTE"
"Park","Indirect",0.158125417462204,"Yellowstone County, MT (2024)","FTE"
"Park","Induced",0.0493524887723401,"Yellowstone County, MT (2024)","FTE"
"Park_MA","Indirect",0.210355714113019,"Yellowstone County, MT (2024)","FTE"
"Park_MA","Induced",0.0657744873551379,"Yellowstone County, MT (2024)","FTE"
"Ravalli","Indirect",0.000116547986950318,"Yellowstone County, MT (2024)","FTE"
"Ravalli","Induced",0.0000659974959109378,"Yellowstone County, MT (2024)","FTE"
"Rest of MT","Indirect",0.053992886358683,"Yellowstone County, MT (2024)","FTE"
"Rest of MT","Induced",0.0325320085861189,"Yellowstone County, MT (2024)","FTE"
"Rest of MT_MA","Indirect",0.00163191109531066,"Yellowstone County, MT (2024)","FTE"
"Rest of MT_MA","Induced",0.00168664023131798,"Yellowstone County, MT (2024)","FTE"
"Yellowstone","Direct",0.792675760799635,"Yellowstone County, MT (2024)","FTE"
"Yellowstone","Indirect",0.430304224489702,"Yellowstone County, MT (2024)","FTE"
"Yellowstone","Induced",0.174835006260093,"Yellowstone County, MT (2024)","FTE"
"Yellowstone_MA","Direct",7.17528458943952,"Yellowstone County, MT (2024)","FTE"
"Yellowstone_MA","Indirect",3.89600561730224,"Yellowstone County, MT (2024)","FTE"
"Yellowstone_MA","Induced",1.58368177525309,"Yellowstone County, MT (2024)","FTE"
"Beaverhead","Direct",3611.83205701014,"Beaverhead County, MT (2024)","Total Wage"
"Beaverhead","Indirect",2123.19061153184,"Beaverhead County, MT (2024)","Total Wage"
"Beaverhead","Induced",770.203958495646,"Beaverhead County, MT (2024)","Total Wage"
"Gallatin","Indirect",217.722128246499,"Beaverhead County, MT (2024)","Total Wage"
"Gallatin","Induced",73.4860026100989,"Beaverhead County, MT (2024)","Total Wage"
"Gallatin_MA","Indirect",1577.67850888082,"Beaverhead County, MT (2024)","Total Wage"
"Gallatin_MA","Induced",591.611613592787,"Beaverhead County, MT (2024)","Total Wage"
"Lewis and Clark","Induced",13.5961486911045,"Beaverhead County, MT (2024)","Total Wage"
"Madison","Indirect",513.182700207991,"Beaverhead County, MT (2024)","Total Wage"
"Madison","Induced",1450.06808731847,"Beaverhead County, MT (2024)","Total Wage"
"Madison_MA","Indirect",2278.76905508988,"Beaverhead County, MT (2024)","Total Wage"
"Madison_MA","Induced",6226.33875445576,"Beaverhead County, MT (2024)","Total Wage"
"Missoula","Indirect",13.2626599630069,"Beaverhead County, MT (2024)","Total Wage"
"Missoula","Induced",2.60842833331172,"Beaverhead County, MT (2024)","Total Wage"
"Park","Indirect",124.912946021084,"Beaverhead County, MT (2024)","Total Wage"
"Park","Induced",39.5804482905869,"Beaverhead County, MT (2024)","Total Wage"
"Park_MA","Indirect",184.450180173871,"Beaverhead County, MT (2024)","Total Wage"
"Park_MA","Induced",54.9083393765355,"Beaverhead County, MT (2024)","Total Wage"
"Ravalli","Indirect",36.7450847220343,"Beaverhead County, MT (2024)","Total Wage"
"Ravalli","Induced",5.2434399833896,"Beaverhead County, MT (2024)","Total Wage"
"Silver Bow","Indirect",93.1123161934193,"Beaverhead County, MT (2024)","Total Wage"
"Silver Bow","Induced",26.7726624148961,"Beaverhead County, MT (2024)","Total Wage"
"Beaverhead","Indirect",147.290539503498,"Gallatin County, MT (2024)","Total Wage"
"Beaverhead","Induced",45.4790037872028,"Gallatin County, MT (2024)","Total Wage"
"Cascade","Indirect",333.821729076265,"Gallatin County, MT (2024)","Total Wage"
"Cascade","Induced",147.29066081623,"Gallatin County, MT (2024)","Total Wage"
"Gallatin","Direct",170848.146144386,"Gallatin County, MT (2024)","Total Wage"
"Gallatin","Indirect",100188.213641559,"Gallatin County, MT (2024)","Total Wage"
"Gallatin","Induced",55664.7824638266,"Gallatin County, MT (2024)","Total Wage"
"Gallatin_MA","Direct",1226143.81283959,"Gallatin County, MT (2024)","Total Wage"
"Gallatin_MA","Indirect",721966.836296394,"Gallatin County, MT (2024)","Total Wage"
"Gallatin_MA","Induced",400220.441951515,"Gallatin County, MT (2024)","Total Wage"
"Glacier","Indirect",46.5822858417267,"Gallatin County, MT (2024)","Total Wage"
"Glacier","Induced",13.2784072305816,"Gallatin County, MT (2024)","Total Wage"
"Lewis and Clark","Indirect",977.768315131482,"Gallatin County, MT (2024)","Total Wage"
"Lewis and Clark","Induced",421.814688260456,"Gallatin County, MT (2024)","Total Wage"
"Madison","Indirect",3270.91561889481,"Gallatin County, MT (2024)","Total Wage"
"Madison","Induced",35544.5867154298,"Gallatin County, MT (2024)","Total Wage"
"Madison_MA","Indirect",14330.9364366122,"Gallatin County, MT (2024)","Total Wage"
"Madison_MA","Induced",151436.612697783,"Gallatin County, MT (2024)","Total Wage"
"Missoula","Indirect",68.4824591439382,"Gallatin County, MT (2024)","Total Wage"
"Missoula","Induced",48.7342841551009,"Gallatin County, MT (2024)","Total Wage"
"Missoula_MA","Indirect",21.1475405326895,"Gallatin County, MT (2024)","Total Wage"
"Missoula_MA","Induced",5.96767170266557,"Gallatin County, MT (2024)","Total Wage"
"Park","Indirect",137550.216463138,"Gallatin County, MT (2024)","Total Wage"
"Park","Induced",31222.1583831474,"Gallatin County, MT (2024)","Total Wage"
"Park_MA","Indirect",181822.229170739,"Gallatin County, MT (2024)","Total Wage"
"Park_MA","Induced",41281.7470349153,"Gallatin County, MT (2024)","Total Wage"
"Ravalli","Indirect",24.4623989843369,"Gallatin County, MT (2024)","Total Wage"
"Ravalli","Induced",7.62348231246007,"Gallatin County, MT (2024)","Total Wage"
"Rest of MT","Indirect",1778.02643160015,"Gallatin County, MT (2024)","Total Wage"
"Rest of MT","Induced",660.792773195664,"Gallatin County, MT (2024)","Total Wage"
"Rest of MT_MA","Indirect",36.7588821687859,"Gallatin County, MT (2024)","Total Wage"
"Rest of MT_MA","Induced",16.1752806542521,"Gallatin County, MT (2024)","Total Wage"
"Silver Bow","Indirect",47.8932849097064,"Gallatin County, MT (2024)","Total Wage"
"Silver Bow","Induced",16.3331594686049,"Gallatin County, MT (2024)","Total Wage"
"Yellowstone","Indirect",375.405653828669,"Gallatin County, MT (2024)","Total Wage"
"Yellowstone","Induced",131.619481359007,"Gallatin County, MT (2024)","Total Wage"
"Yellowstone_MA","Indirect",4386.82043737119,"Gallatin County, MT (2024)","Total Wage"
"Yellowstone_MA","Induced",1461.9088954284,"Gallatin County, MT (2024)","Total Wage"
"Beaverhead","Induced",30.7382715031089,"Madison County, MT (2024)","Total Wage"
"Gallatin","Indirect",4688.46779833499,"Madison County, MT (2024)","Total Wage"
"Gallatin","Induced",477.277091251126,"Madison County, MT (2024)","Total Wage"
"Gallatin_MA","Indirect",34295.3384366333,"Madison County, MT (2024)","Total Wage"
"Gallatin_MA","Induced",3502.13658214988,"Madison County, MT (2024)","Total Wage"
"Lewis and Clark","Induced",23.2380920705391,"Madison County, MT (2024)","Total Wage"
"Madison","Direct",648340.8591244,"Madison County, MT (2024)","Total Wage"
"Madison","Indirect",121196.701178253,"Madison County, MT (2024)","Total Wage"
"Madison","Induced",55501.9429950031,"Madison County, MT (2024)","Total Wage"
"Madison_MA","Direct",2757423.89158355,"Madison County, MT (2024)","Total Wage"
"Madison_MA","Indirect",515455.218820174,"Madison County, MT (2024)","Total Wage"
"Madison_MA","Induced",236090.290448803,"Madison County, MT (2024)","Total Wage"
"Missoula","Induced",18.2277287786178,"Madison County, MT (2024)","Total Wage"
"Park","Indirect",2408.0326364388,"Madison County, MT (2024)","Total Wage"
"Park","Induced",244.611685671161,"Madison County, MT (2024)","Total Wage"
"Park_MA","Indirect",3210.88685681147,"Madison County, MT (2024)","Total Wage"
"Park_MA","Induced",325.604241098475,"Madison County, MT (2024)","Total Wage"
"Rest of MT","Indirect",35.725600293758,"Madison County, MT (2024)","Total Wage"
"Rest of MT","Induced",24.4631300104505,"Madison County, MT (2024)","Total Wage"
"Beaverhead","Indirect",15.9569328334157,"Rest of MT (2024)","Total Wage"
"Beaverhead","Induced",4.43789245570815,"Rest of MT (2024)","Total Wage"
"Cascade","Indirect",444.228286513139,"Rest of MT (2024)","Total Wage"
"Cascade","Induced",307.04165785457,"Rest of MT (2024)","Total Wage"
"Gallatin","Indirect",912.82745713032,"Rest of MT (2024)","Total Wage"
"Gallatin","Induced",802.521827444047,"Rest of MT (2024)","Total Wage"
"Gallatin_MA","Indirect",8028.83513479832,"Rest of MT (2024)","Total Wage"
"Gallatin_MA","Induced",6375.95968000883,"Rest of MT (2024)","Total Wage"
"Glacier","Indirect",4474.6815447481,"Rest of MT (2024)","Total Wage"
"Glacier","Induced",1462.78034714521,"Rest of MT (2024)","Total Wage"
"Lewis and Clark","Indirect",380.208025744966,"Rest of MT (2024)","Total Wage"
"Lewis and Clark","Induced",4595.17746932224,"Rest of MT (2024)","Total Wage"
"Madison","Indirect",55.5847005745543,"Rest of MT (2024)","Total Wage"
"Madison","Induced",1419.65048040074,"Rest of MT (2024)","Total Wage"
"Madison_MA","Indirect",645.310078934388,"Rest of MT (2024)","Total Wage"
"Madison_MA","Induced",6276.35735655276,"Rest of MT (2024)","Total Wage"
"Missoula","Indirect",540.261523698261,"Rest of MT (2024)","Total Wage"
"Missoula","Induced",1634.02902043088,"Rest of MT (2024)","Total Wage"
"Missoula_MA","Indirect",89.3139005242914,"Rest of MT (2024)","Total Wage"
"Missoula_MA","Induced",489.102370428025,"Rest of MT (2024)","Total Wage"
"Park","Indirect",7950.43204844258,"Rest of MT (2024)","Total Wage"
"Park","Induced",2091.45248645341,"Rest of MT (2024)","Total Wage"
"Park_MA","Indirect",10597.9919738284,"Rest of MT (2024)","Total Wage"
"Park_MA","Induced",2781.95110309917,"Rest of MT (2024)","Total Wage"
"Ravalli","Indirect",139.774931132865,"Rest of MT (2024)","Total Wage"
"Ravalli","Induced",77.4139149781717,"Rest of MT (2024)","Total Wage"
"Rest of MT","Direct",174006.554941292,"Rest of MT (2024)","Total Wage"
"Rest of MT","Indirect",98428.6252116752,"Rest of MT (2024)","Total Wage"
"Rest of MT","Induced",42712.5113314917,"Rest of MT (2024)","Total Wage"
"Rest of MT_MA","Direct",12604.3543742311,"Rest of MT (2024)","Total Wage"
"Rest of MT_MA","Indirect",7129.78469779436,"Rest of MT (2024)","Total Wage"
"Rest of MT_MA","Induced",3090.26387760146,"Rest of MT (2024)","Total Wage"
"Silver Bow","Indirect",53.8123043196223,"Rest of MT (2024)","Total Wage"
"Silver Bow","Induced",197.483941559616,"Rest of MT (2024)","Total Wage"
"Yellowstone","Indirect",1041.97856842455,"Rest of MT (2024)","Total Wage"
"Yellowstone","Induced",493.145090994654,"Rest of MT (2024)","Total Wage"
"Yellowstone_MA","Indirect",11027.5025984447,"Rest of MT (2024)","Total Wage"
"Yellowstone_MA","Induced",4787.05686485019,"Rest of MT (2024)","Total Wage"
"Beaverhead","Induced",23.0240658671235,"Silver Bow County, MT (2024)","Total Wage"
"Cascade","Indirect",18.8352495987539,"Silver Bow County, MT (2024)","Total Wage"
"Cascade","Induced",14.6611053744089,"Silver Bow County, MT (2024)","Total Wage"
"Gallatin","Indirect",544.753992134719,"Silver Bow County, MT (2024)","Total Wage"
"Gallatin","Induced",179.330702139883,"Silver Bow County, MT (2024)","Total Wage"
"Gallatin_MA","Indirect",4375.72411562689,"Silver Bow County, MT (2024)","Total Wage"
"Gallatin_MA","Induced",1488.52025409789,"Silver Bow County, MT (2024)","Total Wage"
"Lewis and Clark","Indirect",296.648525008071,"Silver Bow County, MT (2024)","Total Wage"
"Lewis and Clark","Induced",300.313227080088,"Silver Bow County, MT (2024)","Total Wage"
"Madison","Indirect",371.328487205828,"Silver Bow County, MT (2024)","Total Wage"
"Madison","Induced",737.907649612199,"Silver Bow County, MT (2024)","Total Wage"
"Madison_MA","Indirect",1998.1488879364,"Silver Bow County, MT (2024)","Total Wage"
"Madison_MA","Induced",3393.92847896295,"Silver Bow County, MT (2024)","Total Wage"
"Missoula","Indirect",114.057534032105,"Silver Bow County, MT (2024)","Total Wage"
"Missoula","Induced",32.4440159671014,"Silver Bow County, MT (2024)","Total Wage"
"Missoula_MA","Indirect",9.98130006814448,"Silver Bow County, MT (2024)","Total Wage"
"Missoula_MA","Induced",2.37587885088462,"Silver Bow County, MT (2024)","Total Wage"
"Park","Indirect",265.242997189284,"Silver Bow County, MT (2024)","Total Wage"
"Park","Induced",91.5685414245114,"Silver Bow County, MT (2024)","Total Wage"
"Park_MA","Indirect",490.658641953598,"Silver Bow County, MT (2024)","Total Wage"
"Park_MA","Induced",149.749446094725,"Silver Bow County, MT (2024)","Total Wage"
"Ravalli","Indirect",38.2117616286166,"Silver Bow County, MT (2024)","Total Wage"
"Ravalli","Induced",9.59071624401073,"Silver Bow County, MT (2024)","Total Wage"
"Rest of MT","Indirect",315.547118733398,"Silver Bow County, MT (2024)","Total Wage"
"Rest of MT","Induced",416.124476699782,"Silver Bow County, MT (2024)","Total Wage"
"Rest of MT_MA","Induced",22.898343262263,"Silver Bow County, MT (2024)","Total Wage"
"Silver Bow","Direct",10137.2833617947,"Silver Bow County, MT (2024)","Total Wage"
"Silver Bow","Indirect",4765.55580802034,"Silver Bow County, MT (2024)","Total Wage"
"Silver Bow","Induced",2928.35187720972,"Silver Bow County, MT (2024)","Total Wage"
"Yellowstone","Indirect",17.7388605958906,"Silver Bow County, MT (2024)","Total Wage"
"Yellowstone","Induced",3.82926610132255,"Silver Bow County, MT (2024)","Total Wage"
"Yellowstone_MA","Indirect",192.452164829447,"Silver Bow County, MT (2024)","Total Wage"
"Yellowstone_MA","Induced",178.596073435098,"Silver Bow County, MT (2024)","Total Wage"
"Cascade","Direct",18875.9712259466,"Cascade County, MT (2024)","Total Wage"
"Cascade","Indirect",18885.8537050804,"Cascade County, MT (2024)","Total Wage"
"Cascade","Induced",10085.8347348904,"Cascade County, MT (2024)","Total Wage"
"Gallatin","Indirect",131.86687075129,"Cascade County, MT (2024)","Total Wage"
"Gallatin","Induced",37.4671367800621,"Cascade County, MT (2024)","Total Wage"
"Gallatin_MA","Indirect",1377.25918319839,"Cascade County, MT (2024)","Total Wage"
"Gallatin_MA","Induced",496.59308760075,"Cascade County, MT (2024)","Total Wage"
"Glacier","Indirect",129.911970712568,"Cascade County, MT (2024)","Total Wage"
"Glacier","Induced",31.0832111372653,"Cascade County, MT (2024)","Total Wage"
"Lewis and Clark","Indirect",2256.53713855522,"Cascade County, MT (2024)","Total Wage"
"Lewis and Clark","Induced",838.612973254655,"Cascade County, MT (2024)","Total Wage"
"Madison","Indirect",102.677165309191,"Cascade County, MT (2024)","Total Wage"
"Madison","Induced",199.94140586789,"Cascade County, MT (2024)","Total Wage"
"Madison_MA","Indirect",444.266565817539,"Cascade County, MT (2024)","Total Wage"
"Madison_MA","Induced",854.076284978476,"Cascade County, MT (2024)","Total Wage"
"Missoula","Indirect",29.6748401005825,"Cascade County, MT (2024)","Total Wage"
"Missoula","Induced",95.52856841275,"Cascade County, MT (2024)","Total Wage"
"Missoula_MA","Indirect",9.16365871893045,"Cascade County, MT (2024)","Total Wage"
"Missoula_MA","Induced",29.4994411385306,"Cascade County, MT (2024)","Total Wage"
"Park_MA","Indirect",53.2035580483002,"Cascade County, MT (2024)","Total Wage"
"Park_MA","Induced",17.1182357081876,"Cascade County, MT (2024)","Total Wage"
"Ravalli","Indirect",16.4642174204777,"Cascade County, MT (2024)","Total Wage"
"Ravalli","Induced",5.23053472478825,"Cascade County, MT (2024)","Total Wage"
"Rest of MT","Indirect",397.253112683772,"Cascade County, MT (2024)","Total Wage"
"Rest of MT","Induced",352.205562379491,"Cascade County, MT (2024)","Total Wage"
"Yellowstone_MA","Induced",46.7846509155491,"Cascade County, MT (2024)","Total Wage"
"Cascade","Indirect",30.0685608949329,"Glacier County, MT (2024)","Total Wage"
"Cascade","Induced",2.33878284228353,"Glacier County, MT (2024)","Total Wage"
"Gallatin_MA","Indirect",17.2759811877379,"Glacier County, MT (2024)","Total Wage"
"Gallatin_MA","Induced",1.42510637272401,"Glacier County, MT (2024)","Total Wage"
"Glacier","Direct",20830.4708161254,"Glacier County, MT (2024)","Total Wage"
"Glacier","Indirect",12160.5637260951,"Glacier County, MT (2024)","Total Wage"
"Glacier","Induced",2174.49886567336,"Glacier County, MT (2024)","Total Wage"
"Lewis and Clark","Indirect",15.9236675569043,"Glacier County, MT (2024)","Total Wage"
"Lewis and Clark","Induced",1.32695833164207,"Glacier County, MT (2024)","Total Wage"
"Rest of MT","Indirect",56.3030860281219,"Glacier County, MT (2024)","Total Wage"
"Rest of MT","Induced",21.5701936466607,"Glacier County, MT (2024)","Total Wage"
"Cascade","Indirect",603.226319278986,"Lewis and Clark County, MT (2024)","Total Wage"
"Cascade","Induced",185.113229813168,"Lewis and Clark County, MT (2024)","Total Wage"
"Gallatin","Indirect",468.9935726853,"Lewis and Clark County, MT (2024)","Total Wage"
"Gallatin","Induced",194.860638635158,"Lewis and Clark County, MT (2024)","Total Wage"
"Gallatin_MA","Indirect",3593.30363491145,"Lewis and Clark County, MT (2024)","Total Wage"
"Gallatin_MA","Induced",1454.28895884294,"Lewis and Clark County, MT (2024)","Total Wage"
"Glacier","Indirect",124.123144363216,"Lewis and Clark County, MT (2024)","Total Wage"
"Glacier","Induced",26.2529956192807,"Lewis and Clark County, MT (2024)","Total Wage"
"Lewis and Clark","Direct",113684.270865955,"Lewis and Clark County, MT (2024)","Total Wage"
"Lewis and Clark","Indirect",68488.6221466303,"Lewis and Clark County, MT (2024)","Total Wage"
"Lewis and Clark","Induced",36952.3476131081,"Lewis and Clark County, MT (2024)","Total Wage"
"Madison","Indirect",226.015976526174,"Lewis and Clark County, MT (2024)","Total Wage"
"Madison","Induced",66.7960584961271,"Lewis and Clark County, MT (2024)","Total Wage"
"Madison_MA","Indirect",988.107371323735,"Lewis and Clark County, MT (2024)","Total Wage"
"Madison_MA","Induced",353.096943710989,"Lewis and Clark County, MT (2024)","Total Wage"
"Missoula","Indirect",285.888035151108,"Lewis and Clark County, MT (2024)","Total Wage"
"Missoula","Induced",72.5440935525977,"Lewis and Clark County, MT (2024)","Total Wage"
"Missoula_MA","Indirect",56.116878483854,"Lewis and Clark County, MT (2024)","Total Wage"
"Missoula_MA","Induced",14.576425339818,"Lewis and Clark County, MT (2024)","Total Wage"
"Park","Indirect",574.472117198666,"Lewis and Clark County, MT (2024)","Total Wage"
"Park","Induced",276.656205921134,"Lewis and Clark County, MT (2024)","Total Wage"
"Park_MA","Indirect",758.87137127622,"Lewis and Clark County, MT (2024)","Total Wage"
"Park_MA","Induced",365.418940991331,"Lewis and Clark County, MT (2024)","Total Wage"
"Ravalli","Indirect",44.2430270169864,"Lewis and Clark County, MT (2024)","Total Wage"
"Ravalli","Induced",12.6960033875635,"Lewis and Clark County, MT (2024)","Total Wage"
"Rest of MT","Indirect",900.589683907556,"Lewis and Clark County, MT (2024)","Total Wage"
"Rest of MT","Induced",380.792722372998,"Lewis and Clark County, MT (2024)","Total Wage"
"Silver Bow","Indirect",86.1867660595085,"Lewis and Clark County, MT (2024)","Total Wage"
"Silver Bow","Induced",20.8020579383353,"Lewis and Clark County, MT (2024)","Total Wage"
"Yellowstone_MA","Indirect",41.4226658402303,"Lewis and Clark County, MT (2024)","Total Wage"
"Yellowstone_MA","Induced",8.80028684512274,"Lewis and Clark County, MT (2024)","Total Wage"
"Cascade","Indirect",69.5316949115899,"Missoula County, MT (2024)","Total Wage"
"Cascade","Induced",29.1607584237126,"Missoula County, MT (2024)","Total Wage"
"Gallatin","Induced",122.740159742557,"Missoula County, MT (2024)","Total Wage"
"Gallatin_MA","Indirect",44.1521016085687,"Missoula County, MT (2024)","Total Wage"
"Gallatin_MA","Induced",894.148991428436,"Missoula County, MT (2024)","Total Wage"
"Lewis and Clark","Indirect",61.3901353633302,"Missoula County, MT (2024)","Total Wage"
"Lewis and Clark","Induced",209.256943271124,"Missoula County, MT (2024)","Total Wage"
"Madison_MA","Indirect",17.504134277201,"Missoula County, MT (2024)","Total Wage"
"Madison_MA","Induced",67.2747441542434,"Missoula County, MT (2024)","Total Wage"
"Missoula","Direct",170335.421418447,"Missoula County, MT (2024)","Total Wage"
"Missoula","Indirect",115920.74218136,"Missoula County, MT (2024)","Total Wage"
"Missoula","Induced",69240.0441988413,"Missoula County, MT (2024)","Total Wage"
"Missoula_MA","Direct",52599.969008534,"Missoula County, MT (2024)","Total Wage"
"Missoula_MA","Indirect",35774.4750038951,"Missoula County, MT (2024)","Total Wage"
"Missoula_MA","Induced",21370.1940653088,"Missoula County, MT (2024)","Total Wage"
"Park","Induced",62.8455099682225,"Missoula County, MT (2024)","Total Wage"
"Park_MA","Induced",83.0366928322801,"Missoula County, MT (2024)","Total Wage"
"Ravalli","Indirect",4186.75014742067,"Missoula County, MT (2024)","Total Wage"
"Ravalli","Induced",1347.00787139125,"Missoula County, MT (2024)","Total Wage"
"Rest of MT","Indirect",660.434465246759,"Missoula County, MT (2024)","Total Wage"
"Rest of MT","Induced",489.896938759203,"Missoula County, MT (2024)","Total Wage"
"Yellowstone_MA","Induced",34.1237420710437,"Missoula County, MT (2024)","Total Wage"
"Gallatin","Indirect",3308.15745405688,"Park County, MT (2024)","Total Wage"
"Gallatin","Induced",1009.62509131619,"Park County, MT (2024)","Total Wage"
"Gallatin_MA","Indirect",25166.116294735,"Park County, MT (2024)","Total Wage"
"Gallatin_MA","Induced",7540.99712691242,"Park County, MT (2024)","Total Wage"
"Madison","Induced",1048.29673285532,"Park County, MT (2024)","Total Wage"
"Madison_MA","Indirect",56.1282593065197,"Park County, MT (2024)","Total Wage"
"Madison_MA","Induced",4511.04908455431,"Park County, MT (2024)","Total Wage"
"Park","Direct",76161.4162974964,"Park County, MT (2024)","Total Wage"
"Park","Indirect",69647.6935790895,"Park County, MT (2024)","Total Wage"
"Park","Induced",17744.915234801,"Park County, MT (2024)","Total Wage"
"Park_MA","Direct",100567.847478476,"Park County, MT (2024)","Total Wage"
"Park_MA","Indirect",92024.6420758607,"Park County, MT (2024)","Total Wage"
"Park_MA","Induced",23438.3551387403,"Park County, MT (2024)","Total Wage"
"Rest of MT","Indirect",305.951212162333,"Park County, MT (2024)","Total Wage"
"Rest of MT","Induced",134.370123097777,"Park County, MT (2024)","Total Wage"
"Rest of MT_MA","Indirect",10.4420452350556,"Park County, MT (2024)","Total Wage"
"Rest of MT_MA","Induced",1.25139378173649,"Park County, MT (2024)","Total Wage"
"Yellowstone","Indirect",19.5950165476034,"Park County, MT (2024)","Total Wage"
"Yellowstone","Induced",4.13570256048139,"Park County, MT (2024)","Total Wage"
"Yellowstone_MA","Indirect",360.635159183921,"Park County, MT (2024)","Total Wage"
"Yellowstone_MA","Induced",88.8736497466516,"Park County, MT (2024)","Total Wage"
"Gallatin_MA","Induced",62.5029447010572,"Ravalli County, MT (2024)","Total Wage"
"Madison","Induced",27.255949609999,"Ravalli County, MT (2024)","Total Wage"
"Madison_MA","Induced",115.920824030602,"Ravalli County, MT (2024)","Total Wage"
"Missoula","Indirect",3185.75893322837,"Ravalli County, MT (2024)","Total Wage"
"Missoula","Induced",4704.65263974713,"Ravalli County, MT (2024)","Total Wage"
"Missoula_MA","Indirect",938.111617042814,"Ravalli County, MT (2024)","Total Wage"
"Missoula_MA","Induced",1438.02172909412,"Ravalli County, MT (2024)","Total Wage"
"Ravalli","Direct",16789.5537036823,"Ravalli County, MT (2024)","Total Wage"
"Ravalli","Indirect",24267.8038215067,"Ravalli County, MT (2024)","Total Wage"
"Ravalli","Induced",11348.0225117379,"Ravalli County, MT (2024)","Total Wage"
"Rest of MT","Induced",63.4420827417716,"Ravalli County, MT (2024)","Total Wage"
"Gallatin","Indirect",2050.63547729362,"Yellowstone County, MT (2024)","Total Wage"
"Gallatin","Induced",698.244121930503,"Yellowstone County, MT (2024)","Total Wage"
"Gallatin_MA","Indirect",15764.7593107017,"Yellowstone County, MT (2024)","Total Wage"
"Gallatin_MA","Induced",5338.67867501298,"Yellowstone County, MT (2024)","Total Wage"
"Glacier","Indirect",48.1438041186601,"Yellowstone County, MT (2024)","Total Wage"
"Glacier","Induced",11.5356715961031,"Yellowstone County, MT (2024)","Total Wage"
"Lewis and Clark","Induced",140.76728051349,"Yellowstone County, MT (2024)","Total Wage"
"Madison","Indirect",685.878595571811,"Yellowstone County, MT (2024)","Total Wage"
"Madison","Induced",304.87834633904,"Yellowstone County, MT (2024)","Total Wage"
"Madison_MA","Indirect",3148.45890037312,"Yellowstone County, MT (2024)","Total Wage"
"Madison_MA","Induced",1683.2510655556,"Yellowstone County, MT (2024)","Total Wage"
"Missoula","Indirect",10.8911778567187,"Yellowstone County, MT (2024)","Total Wage"
"Missoula","Induced",225.245222759016,"Yellowstone County, MT (2024)","Total Wage"
"Missoula_MA","Indirect",3.36322071451309,"Yellowstone County, MT (2024)","Total Wage"
"Missoula_MA","Induced",69.5562416659011,"Yellowstone County, MT (2024)","Total Wage"
"Park","Indirect",10029.2876635323,"Yellowstone County, MT (2024)","Total Wage"
"Park","Induced",2542.3776404305,"Yellowstone County, MT (2024)","Total Wage"
"Park_MA","Indirect",13346.5213734678,"Yellowstone County, MT (2024)","Total Wage"
"Park_MA","Induced",3388.34366119481,"Yellowstone County, MT (2024)","Total Wage"
"Ravalli","Indirect",9.99944343518666,"Yellowstone County, MT (2024)","Total Wage"
"Ravalli","Induced",3.39904518105553,"Yellowstone County, MT (2024)","Total Wage"
"Rest of MT","Indirect",2752.24790596443,"Yellowstone County, MT (2024)","Total Wage"
"Rest of MT","Induced",1675.71325025098,"Yellowstone County, MT (2024)","Total Wage"
"Rest of MT_MA","Indirect",70.4165464985778,"Yellowstone County, MT (2024)","Total Wage"
"Rest of MT_MA","Induced",86.8781187214626,"Yellowstone County, MT (2024)","Total Wage"
"Yellowstone","Direct",19946.73725869,"Yellowstone County, MT (2024)","Total Wage"
"Yellowstone","Indirect",15580.5028164231,"Yellowstone County, MT (2024)","Total Wage"
"Yellowstone","Induced",9004.64557538788,"Yellowstone County, MT (2024)","Total Wage"
"Yellowstone_MA","Direct",180557.45304675,"Yellowstone County, MT (2024)","Total Wage"
"Yellowstone_MA","Indirect",141054.407810757,"Yellowstone County, MT (2024)","Total Wage"
"Yellowstone_MA","Induced",81565.4313943828,"Yellowstone County, MT (2024)","Total Wage"
"Beaverhead","Direct",9790.81923231556,"Beaverhead County, MT (2024)","Value Added"
"Beaverhead","Indirect",6035.03037236014,"Beaverhead County, MT (2024)","Value Added"
"Beaverhead","Induced",2243.25504338089,"Beaverhead County, MT (2024)","Value Added"
"Gallatin","Indirect",410.282183928735,"Beaverhead County, MT (2024)","Value Added"
"Gallatin","Induced",213.996227017305,"Beaverhead County, MT (2024)","Value Added"
"Gallatin_MA","Indirect",3062.90076022759,"Beaverhead County, MT (2024)","Value Added"
"Gallatin_MA","Induced",1722.77511722817,"Beaverhead County, MT (2024)","Value Added"
"Lewis and Clark","Induced",39.5839161442135,"Beaverhead County, MT (2024)","Value Added"
"Madison","Indirect",928.038598013738,"Beaverhead County, MT (2024)","Value Added"
"Madison","Induced",4221.89264220919,"Beaverhead County, MT (2024)","Value Added"
"Madison_MA","Indirect",4291.57584341174,"Beaverhead County, MT (2024)","Value Added"
"Madison_MA","Induced",18128.1279074467,"Beaverhead County, MT (2024)","Value Added"
"Missoula","Indirect",144.474013445216,"Beaverhead County, MT (2024)","Value Added"
"Missoula","Induced",7.59776146252639,"Beaverhead County, MT (2024)","Value Added"
"Park","Indirect",236.704068241428,"Beaverhead County, MT (2024)","Value Added"
"Park","Induced",115.262529126853,"Beaverhead County, MT (2024)","Value Added"
"Park_MA","Indirect",366.267208408798,"Beaverhead County, MT (2024)","Value Added"
"Park_MA","Induced",159.900148807854,"Beaverhead County, MT (2024)","Value Added"
"Ravalli","Indirect",148.521270252123,"Beaverhead County, MT (2024)","Value Added"
"Ravalli","Induced",15.2720169117978,"Beaverhead County, MT (2024)","Value Added"
"Silver Bow","Indirect",256.674143065327,"Beaverhead County, MT (2024)","Value Added"
"Silver Bow","Induced",77.9604042642058,"Beaverhead County, MT (2024)","Value Added"
"Beaverhead","Indirect",418.524841561688,"Gallatin County, MT (2024)","Value Added"
"Beaverhead","Induced",121.913009916623,"Gallatin County, MT (2024)","Value Added"
"Cascade","Indirect",1722.9175665354,"Gallatin County, MT (2024)","Value Added"
"Cascade","Induced",394.767022527909,"Gallatin County, MT (2024)","Value Added"
"Gallatin","Direct",466413.020064636,"Gallatin County, MT (2024)","Value Added"
"Gallatin","Indirect",279187.347392162,"Gallatin County, MT (2024)","Value Added"
"Gallatin","Induced",149259.431885278,"Gallatin County, MT (2024)","Value Added"
"Gallatin_MA","Direct",3347355.24901026,"Gallatin County, MT (2024)","Value Added"
"Gallatin_MA","Indirect",2010124.51207574,"Gallatin County, MT (2024)","Value Added"
"Gallatin_MA","Induced",1073150.24095361,"Gallatin County, MT (2024)","Value Added"
"Glacier","Indirect",346.627223518259,"Gallatin County, MT (2024)","Value Added"
"Glacier","Induced",35.5963478189001,"Gallatin County, MT (2024)","Value Added"
"Lewis and Clark","Indirect",3081.01998860399,"Gallatin County, MT (2024)","Value Added"
"Lewis and Clark","Induced",1130.91004612701,"Gallatin County, MT (2024)","Value Added"
"Madison","Indirect",8894.35769318994,"Gallatin County, MT (2024)","Value Added"
"Madison","Induced",95325.8527352024,"Gallatin County, MT (2024)","Value Added"
"Madison_MA","Indirect",38645.7428607922,"Gallatin County, MT (2024)","Value Added"
"Madison_MA","Induced",406132.780624632,"Gallatin County, MT (2024)","Value Added"
"Missoula","Indirect",592.695390910955,"Gallatin County, MT (2024)","Value Added"
"Missoula","Induced",130.691593608054,"Gallatin County, MT (2024)","Value Added"
"Missoula_MA","Indirect",183.025696791689,"Gallatin County, MT (2024)","Value Added"
"Missoula_MA","Induced",16.0020259654993,"Gallatin County, MT (2024)","Value Added"
"Park","Indirect",369997.407800622,"Gallatin County, MT (2024)","Value Added"
"Park","Induced",83718.570447786,"Gallatin County, MT (2024)","Value Added"
"Park_MA","Indirect",489007.081264024,"Gallatin County, MT (2024)","Value Added"
"Park_MA","Induced",110692.180069315,"Gallatin County, MT (2024)","Value Added"
"Ravalli","Indirect",70.9054868724403,"Gallatin County, MT (2024)","Value Added"
"Ravalli","Induced",20.4363440769472,"Gallatin County, MT (2024)","Value Added"
"Rest of MT","Indirect",5807.56253076004,"Gallatin County, MT (2024)","Value Added"
"Rest of MT","Induced",1771.59316421668,"Gallatin County, MT (2024)","Value Added"
"Rest of MT_MA","Indirect",189.71959671426,"Gallatin County, MT (2024)","Value Added"
"Rest of MT_MA","Induced",43.3528327393366,"Gallatin County, MT (2024)","Value Added"
"Silver Bow","Indirect",241.432186617204,"Gallatin County, MT (2024)","Value Added"
"Silver Bow","Induced",43.780851579616,"Gallatin County, MT (2024)","Value Added"
"Yellowstone","Indirect",1351.53491094425,"Gallatin County, MT (2024)","Value Added"
"Yellowstone","Induced",352.792980198432,"Gallatin County, MT (2024)","Value Added"
"Yellowstone_MA","Indirect",13984.8855602648,"Gallatin County, MT (2024)","Value Added"
"Yellowstone_MA","Induced",3918.80359449925,"Gallatin County, MT (2024)","Value Added"
"Beaverhead","Induced",99.4440997869557,"Madison County, MT (2024)","Value Added"
"Gallatin","Indirect",13672.7091475338,"Madison County, MT (2024)","Value Added"
"Gallatin","Induced",1544.11642993477,"Madison County, MT (2024)","Value Added"
"Gallatin_MA","Indirect",99815.9847618528,"Madison County, MT (2024)","Value Added"
"Gallatin_MA","Induced",11330.3651555388,"Madison County, MT (2024)","Value Added"
"Lewis and Clark","Induced",75.1796061950794,"Madison County, MT (2024)","Value Added"
"Madison","Direct",1615024.62665536,"Madison County, MT (2024)","Value Added"
"Madison","Indirect",332963.521972881,"Madison County, MT (2024)","Value Added"
"Madison","Induced",179565.156400569,"Madison County, MT (2024)","Value Added"
"Madison_MA","Direct",6868775.00987615,"Madison County, MT (2024)","Value Added"
"Madison_MA","Indirect",1416109.37764091,"Madison County, MT (2024)","Value Added"
"Madison_MA","Induced",763821.722575574,"Madison County, MT (2024)","Value Added"
"Missoula","Induced",58.9701369306695,"Madison County, MT (2024)","Value Added"
"Park","Indirect",7329.56778122178,"Madison County, MT (2024)","Value Added"
"Park","Induced",791.382505524852,"Madison County, MT (2024)","Value Added"
"Park_MA","Indirect",9779.2064635623,"Madison County, MT (2024)","Value Added"
"Park_MA","Induced",1053.414751885,"Madison County, MT (2024)","Value Added"
"Rest of MT","Indirect",90.5260702179058,"Madison County, MT (2024)","Value Added"
"Rest of MT","Induced",79.143112526117,"Madison County, MT (2024)","Value Added"
"Beaverhead","Indirect",53.5770360887085,"Rest of MT (2024)","Value Added"
"Beaverhead","Induced",12.7412323630946,"Rest of MT (2024)","Value Added"
"Cascade","Indirect",1801.52731036576,"Rest of MT (2024)","Value Added"
"Cascade","Induced",881.269382839789,"Rest of MT (2024)","Value Added"
"Gallatin","Indirect",2454.95528345991,"Rest of MT (2024)","Value Added"
"Gallatin","Induced",2303.10817121609,"Rest of MT (2024)","Value Added"
"Gallatin_MA","Indirect",21137.6103214707,"Rest of MT (2024)","Value Added"
"Gallatin_MA","Induced",18298.1029985646,"Rest of MT (2024)","Value Added"
"Glacier","Indirect",13675.2213195905,"Rest of MT (2024)","Value Added"
"Glacier","Induced",4198.84386367977,"Rest of MT (2024)","Value Added"
"Lewis and Clark","Indirect",1164.39114852459,"Rest of MT (2024)","Value Added"
"Lewis and Clark","Induced",13187.1507840447,"Rest of MT (2024)","Value Added"
"Madison","Indirect",243.27531875867,"Rest of MT (2024)","Value Added"
"Madison","Induced",4074.06677764267,"Rest of MT (2024)","Value Added"
"Madison_MA","Indirect",1946.33803914367,"Rest of MT (2024)","Value Added"
"Madison_MA","Induced",18011.7406228312,"Rest of MT (2024)","Value Added"
"Missoula","Indirect",1725.62796655582,"Rest of MT (2024)","Value Added"
"Missoula","Induced",4689.34529719514,"Rest of MT (2024)","Value Added"
"Missoula_MA","Indirect",362.031612568209,"Rest of MT (2024)","Value Added"
"Missoula_MA","Induced",1403.62167819457,"Rest of MT (2024)","Value Added"
"Park","Indirect",21586.842272615,"Rest of MT (2024)","Value Added"
"Park","Induced",6002.63496123456,"Rest of MT (2024)","Value Added"
"Park_MA","Indirect",28730.4886833448,"Rest of MT (2024)","Value Added"
"Park_MA","Induced",7984.42585619755,"Rest of MT (2024)","Value Added"
"Ravalli","Indirect",307.242774923789,"Rest of MT (2024)","Value Added"
"Ravalli","Induced",222.171189479434,"Rest of MT (2024)","Value Added"
"Rest of MT","Direct",474588.452253192,"Rest of MT (2024)","Value Added"
"Rest of MT","Indirect",275296.469792091,"Rest of MT (2024)","Value Added"
"Rest of MT","Induced",122588.468606089,"Rest of MT (2024)","Value Added"
"Rest of MT_MA","Direct",34377.3315673961,"Rest of MT (2024)","Value Added"
"Rest of MT_MA","Indirect",19941.3997041953,"Rest of MT (2024)","Value Added"
"Rest of MT_MA","Induced",8869.31613875259,"Rest of MT (2024)","Value Added"
"Silver Bow","Indirect",180.680322506052,"Rest of MT (2024)","Value Added"
"Silver Bow","Induced",566.751328215567,"Rest of MT (2024)","Value Added"
"Yellowstone","Indirect",3182.06963088411,"Rest of MT (2024)","Value Added"
"Yellowstone","Induced",1415.4101208033,"Rest of MT (2024)","Value Added"
"Yellowstone_MA","Indirect",32180.1261269057,"Rest of MT (2024)","Value Added"
"Yellowstone_MA","Induced",13739.7158918605,"Rest of MT (2024)","Value Added"
"Beaverhead","Induced",59.687487768496,"Silver Bow County, MT (2024)","Value Added"
"Cascade","Indirect",114.885894999425,"Silver Bow County, MT (2024)","Value Added"
"Cascade","Induced",38.0276402797975,"Silver Bow County, MT (2024)","Value Added"
"Gallatin","Indirect",1387.14135707924,"Silver Bow County, MT (2024)","Value Added"
"Gallatin","Induced",464.91842566164,"Silver Bow County, MT (2024)","Value Added"
"Gallatin_MA","Indirect",10930.7886029642,"Silver Bow County, MT (2024)","Value Added"
"Gallatin_MA","Induced",3859.03458863009,"Silver Bow County, MT (2024)","Value Added"
"Lewis and Clark","Indirect",954.332834609288,"Silver Bow County, MT (2024)","Value Added"
"Lewis and Clark","Induced",778.580919378294,"Silver Bow County, MT (2024)","Value Added"
"Madison","Indirect",1415.89713696095,"Silver Bow County, MT (2024)","Value Added"
"Madison","Induced",1912.96132002581,"Silver Bow County, MT (2024)","Value Added"
"Madison_MA","Indirect",6897.91589942236,"Silver Bow County, MT (2024)","Value Added"
"Madison_MA","Induced",8798.51805674544,"Silver Bow County, MT (2024)","Value Added"
"Missoula","Indirect",384.881816994338,"Silver Bow County, MT (2024)","Value Added"
"Missoula","Induced",84.1206887620333,"Silver Bow County, MT (2024)","Value Added"
"Missoula_MA","Indirect",38.2663986764313,"Silver Bow County, MT (2024)","Value Added"
"Missoula_MA","Induced",6.15941178965006,"Silver Bow County, MT (2024)","Value Added"
"Park","Indirect",679.651584407912,"Silver Bow County, MT (2024)","Value Added"
"Park","Induced",237.394769906133,"Silver Bow County, MT (2024)","Value Added"
"Park_MA","Indirect",1122.86761503301,"Silver Bow County, MT (2024)","Value Added"
"Park_MA","Induced",388.232290107904,"Silver Bow County, MT (2024)","Value Added"
"Ravalli","Indirect",121.547048983131,"Silver Bow County, MT (2024)","Value Added"
"Ravalli","Induced",24.8671449305396,"Silver Bow County, MT (2024)","Value Added"
"Rest of MT","Indirect",1094.36316610838,"Silver Bow County, MT (2024)","Value Added"
"Rest of MT","Induced",1078.83854634152,"Silver Bow County, MT (2024)","Value Added"
"Rest of MT_MA","Induced",59.3615650369012,"Silver Bow County, MT (2024)","Value Added"
"Silver Bow","Direct",27054.6183055173,"Silver Bow County, MT (2024)","Value Added"
"Silver Bow","Indirect",12355.8043817995,"Silver Bow County, MT (2024)","Value Added"
"Silver Bow","Induced",7592.19126959087,"Silver Bow County, MT (2024)","Value Added"
"Yellowstone","Indirect",68.0074045458666,"Silver Bow County, MT (2024)","Value Added"
"Yellowstone","Induced",9.92728512289737,"Silver Bow County, MT (2024)","Value Added"
"Yellowstone_MA","Indirect",728.456833499634,"Silver Bow County, MT (2024)","Value Added"
"Yellowstone_MA","Induced",462.999237905381,"Silver Bow County, MT (2024)","Value Added"
"Cascade","Direct",58298.6601906451,"Cascade County, MT (2024)","Value Added"
"Cascade","Indirect",45821.8589873674,"Cascade County, MT (2024)","Value Added"
"Cascade","Induced",24283.836039431,"Cascade County, MT (2024)","Value Added"
"Gallatin","Indirect",243.786121983841,"Cascade County, MT (2024)","Value Added"
"Gallatin","Induced",90.2233794679037,"Cascade County, MT (2024)","Value Added"
"Gallatin_MA","Indirect",2444.1961364094,"Cascade County, MT (2024)","Value Added"
"Gallatin_MA","Induced",1195.82953925224,"Cascade County, MT (2024)","Value Added"
"Glacier","Indirect",270.973788606231,"Cascade County, MT (2024)","Value Added"
"Glacier","Induced",74.8497035840526,"Cascade County, MT (2024)","Value Added"
"Lewis and Clark","Indirect",3365.37954119574,"Cascade County, MT (2024)","Value Added"
"Lewis and Clark","Induced",2019.39155761796,"Cascade County, MT (2024)","Value Added"
"Madison","Indirect",216.713215581958,"Cascade County, MT (2024)","Value Added"
"Madison","Induced",481.478235144021,"Cascade County, MT (2024)","Value Added"
"Madison_MA","Indirect",957.514814079975,"Cascade County, MT (2024)","Value Added"
"Madison_MA","Induced",2056.69760470494,"Cascade County, MT (2024)","Value Added"
"Missoula","Indirect",140.322398667056,"Cascade County, MT (2024)","Value Added"
"Missoula","Induced",230.041022722716,"Cascade County, MT (2024)","Value Added"
"Missoula_MA","Indirect",43.3318787109947,"Cascade County, MT (2024)","Value Added"
"Missoula_MA","Induced",71.037195699778,"Cascade County, MT (2024)","Value Added"
"Park_MA","Indirect",88.0282866697053,"Cascade County, MT (2024)","Value Added"
"Park_MA","Induced",41.2223283773353,"Cascade County, MT (2024)","Value Added"
"Ravalli","Indirect",77.8537802659301,"Cascade County, MT (2024)","Value Added"
"Ravalli","Induced",12.594705190793,"Cascade County, MT (2024)","Value Added"
"Rest of MT","Indirect",769.708658462312,"Cascade County, MT (2024)","Value Added"
"Rest of MT","Induced",848.138499642059,"Cascade County, MT (2024)","Value Added"
"Yellowstone_MA","Induced",112.662510894099,"Cascade County, MT (2024)","Value Added"
"Cascade","Indirect",60.6716015454492,"Glacier County, MT (2024)","Value Added"
"Cascade","Induced",7.08094727190999,"Glacier County, MT (2024)","Value Added"
"Gallatin_MA","Indirect",34.8368052212895,"Glacier County, MT (2024)","Value Added"
"Gallatin_MA","Induced",4.31468158924982,"Glacier County, MT (2024)","Value Added"
"Glacier","Direct",57545.1557551479,"Glacier County, MT (2024)","Value Added"
"Glacier","Indirect",32721.2861739692,"Glacier County, MT (2024)","Value Added"
"Glacier","Induced",6584.44104889881,"Glacier County, MT (2024)","Value Added"
"Lewis and Clark","Indirect",32.1098812889526,"Glacier County, MT (2024)","Value Added"
"Lewis and Clark","Induced",4.01752654596157,"Glacier County, MT (2024)","Value Added"
"Rest of MT","Indirect",184.011201796408,"Glacier County, MT (2024)","Value Added"
"Rest of MT","Induced",65.3370277528226,"Glacier County, MT (2024)","Value Added"
"Cascade","Indirect",1487.21959355253,"Lewis and Clark County, MT (2024)","Value Added"
"Cascade","Induced",464.293304832341,"Lewis and Clark County, MT (2024)","Value Added"
"Gallatin","Indirect",1104.79390051794,"Lewis and Clark County, MT (2024)","Value Added"
"Gallatin","Induced",488.761545515053,"Lewis and Clark County, MT (2024)","Value Added"
"Gallatin_MA","Indirect",8533.56941224473,"Lewis and Clark County, MT (2024)","Value Added"
"Gallatin_MA","Induced",3647.73476166016,"Lewis and Clark County, MT (2024)","Value Added"
"Glacier","Indirect",280.389875911737,"Lewis and Clark County, MT (2024)","Value Added"
"Glacier","Induced",65.8445198907897,"Lewis and Clark County, MT (2024)","Value Added"
"Lewis and Clark","Direct",298458.046745894,"Lewis and Clark County, MT (2024)","Value Added"
"Lewis and Clark","Indirect",172354.504488479,"Lewis and Clark County, MT (2024)","Value Added"
"Lewis and Clark","Induced",92683.8180178374,"Lewis and Clark County, MT (2024)","Value Added"
"Madison","Indirect",457.815603174477,"Lewis and Clark County, MT (2024)","Value Added"
"Madison","Induced",167.54037546165,"Lewis and Clark County, MT (2024)","Value Added"
"Madison_MA","Indirect",2018.48981724073,"Lewis and Clark County, MT (2024)","Value Added"
"Madison_MA","Induced",885.652996026795,"Lewis and Clark County, MT (2024)","Value Added"
"Missoula","Indirect",686.323151499683,"Lewis and Clark County, MT (2024)","Value Added"
"Missoula","Induced",181.955460125171,"Lewis and Clark County, MT (2024)","Value Added"
"Missoula_MA","Indirect",147.030382268924,"Lewis and Clark County, MT (2024)","Value Added"
"Missoula_MA","Induced",36.5611127943523,"Lewis and Clark County, MT (2024)","Value Added"
"Park","Indirect",1264.46281983256,"Lewis and Clark County, MT (2024)","Value Added"
"Park","Induced",693.927690632598,"Lewis and Clark County, MT (2024)","Value Added"
"Park_MA","Indirect",1670.39893945765,"Lewis and Clark County, MT (2024)","Value Added"
"Park_MA","Induced",916.568347641972,"Lewis and Clark County, MT (2024)","Value Added"
"Ravalli","Indirect",73.9060795313606,"Lewis and Clark County, MT (2024)","Value Added"
"Ravalli","Induced",31.8444251270886,"Lewis and Clark County, MT (2024)","Value Added"
"Rest of MT","Indirect",2043.4730709898,"Lewis and Clark County, MT (2024)","Value Added"
"Rest of MT","Induced",955.113984319731,"Lewis and Clark County, MT (2024)","Value Added"
"Silver Bow","Indirect",225.815717171401,"Lewis and Clark County, MT (2024)","Value Added"
"Silver Bow","Induced",52.1764677489595,"Lewis and Clark County, MT (2024)","Value Added"
"Yellowstone_MA","Indirect",93.5723647226381,"Lewis and Clark County, MT (2024)","Value Added"
"Yellowstone_MA","Induced",22.0717921345624,"Lewis and Clark County, MT (2024)","Value Added"
"Cascade","Indirect",277.201001094092,"Missoula County, MT (2024)","Value Added"
"Cascade","Induced",73.1607877572194,"Missoula County, MT (2024)","Value Added"
"Gallatin","Induced",308.066887192426,"Missoula County, MT (2024)","Value Added"
"Gallatin_MA","Indirect",93.1151388266317,"Missoula County, MT (2024)","Value Added"
"Gallatin_MA","Induced",2244.22817634317,"Missoula County, MT (2024)","Value Added"
"Lewis and Clark","Indirect",244.743163555192,"Missoula County, MT (2024)","Value Added"
"Lewis and Clark","Induced",525.187414376723,"Missoula County, MT (2024)","Value Added"
"Madison_MA","Indirect",59.7959781964144,"Missoula County, MT (2024)","Value Added"
"Madison_MA","Induced",168.854966504341,"Missoula County, MT (2024)","Value Added"
"Missoula","Direct",444706.346973514,"Missoula County, MT (2024)","Value Added"
"Missoula","Indirect",295800.850162139,"Missoula County, MT (2024)","Value Added"
"Missoula","Induced",173771.524818465,"Missoula County, MT (2024)","Value Added"
"Missoula_MA","Direct",137326.340428286,"Missoula County, MT (2024)","Value Added"
"Missoula_MA","Indirect",91288.592073419,"Missoula County, MT (2024)","Value Added"
"Missoula_MA","Induced",53632.7144518088,"Missoula County, MT (2024)","Value Added"
"Park","Induced",157.736641947828,"Missoula County, MT (2024)","Value Added"
"Park_MA","Induced",208.414715584932,"Missoula County, MT (2024)","Value Added"
"Ravalli","Indirect",9684.52223400497,"Missoula County, MT (2024)","Value Added"
"Ravalli","Induced",3380.31114296854,"Missoula County, MT (2024)","Value Added"
"Rest of MT","Indirect",1640.35903784254,"Missoula County, MT (2024)","Value Added"
"Rest of MT","Induced",1229.51501716508,"Missoula County, MT (2024)","Value Added"
"Yellowstone_MA","Induced",85.6475583968038,"Missoula County, MT (2024)","Value Added"
"Gallatin","Indirect",9887.41100773924,"Park County, MT (2024)","Value Added"
"Gallatin","Induced",3107.73801165574,"Park County, MT (2024)","Value Added"
"Gallatin_MA","Indirect",73618.6226015635,"Park County, MT (2024)","Value Added"
"Gallatin_MA","Induced",23211.9762817152,"Park County, MT (2024)","Value Added"
"Madison","Induced",3225.76025097307,"Park County, MT (2024)","Value Added"
"Madison_MA","Indirect",143.528587251932,"Park County, MT (2024)","Value Added"
"Madison_MA","Induced",13881.2141440896,"Park County, MT (2024)","Value Added"
"Park","Direct",253947.234328203,"Park County, MT (2024)","Value Added"
"Park","Indirect",198602.95846303,"Park County, MT (2024)","Value Added"
"Park","Induced",54635.0295769987,"Park County, MT (2024)","Value Added"
"Park_MA","Direct",335326.310500071,"Park County, MT (2024)","Value Added"
"Park_MA","Indirect",262423.889617819,"Park County, MT (2024)","Value Added"
"Park_MA","Induced",72164.6207397098,"Park County, MT (2024)","Value Added"
"Rest of MT","Indirect",970.358253268287,"Park County, MT (2024)","Value Added"
"Rest of MT","Induced",413.609081055999,"Park County, MT (2024)","Value Added"
"Rest of MT_MA","Indirect",32.4341039111455,"Park County, MT (2024)","Value Added"
"Rest of MT_MA","Induced",3.85297065880933,"Park County, MT (2024)","Value Added"
"Yellowstone","Indirect",70.8082900314228,"Park County, MT (2024)","Value Added"
"Yellowstone","Induced",12.743344494197,"Park County, MT (2024)","Value Added"
"Yellowstone_MA","Indirect",1181.25883540204,"Park County, MT (2024)","Value Added"
"Yellowstone_MA","Induced",273.72203526492,"Park County, MT (2024)","Value Added"
"Gallatin_MA","Induced",189.262613135823,"Ravalli County, MT (2024)","Value Added"
"Madison","Induced",82.5326274043451,"Ravalli County, MT (2024)","Value Added"
"Madison_MA","Induced",351.015111013138,"Ravalli County, MT (2024)","Value Added"
"Missoula","Indirect",6574.95738585668,"Ravalli County, MT (2024)","Value Added"
"Missoula","Induced",14245.9996526456,"Ravalli County, MT (2024)","Value Added"
"Missoula_MA","Indirect",1893.16789102661,"Ravalli County, MT (2024)","Value Added"
"Missoula_MA","Induced",4354.42350771361,"Ravalli County, MT (2024)","Value Added"
"Ravalli","Direct",96194.5069358175,"Ravalli County, MT (2024)","Value Added"
"Ravalli","Indirect",67151.33454098,"Ravalli County, MT (2024)","Value Added"
"Ravalli","Induced",34364.2294212341,"Ravalli County, MT (2024)","Value Added"
"Rest of MT","Induced",192.106378666087,"Ravalli County, MT (2024)","Value Added"
"Gallatin","Indirect",5311.95948491204,"Yellowstone County, MT (2024)","Value Added"
"Gallatin","Induced",1758.81698440732,"Yellowstone County, MT (2024)","Value Added"
"Gallatin_MA","Indirect",40606.1545744399,"Yellowstone County, MT (2024)","Value Added"
"Gallatin_MA","Induced",13447.6410660203,"Yellowstone County, MT (2024)","Value Added"
"Glacier","Indirect",89.8757847351876,"Yellowstone County, MT (2024)","Value Added"
"Glacier","Induced",29.0574886962661,"Yellowstone County, MT (2024)","Value Added"
"Lewis and Clark","Induced",354.600160825391,"Yellowstone County, MT (2024)","Value Added"
"Madison","Indirect",1367.41269676768,"Yellowstone County, MT (2024)","Value Added"
"Madison","Induced",767.919355146146,"Yellowstone County, MT (2024)","Value Added"
"Madison_MA","Indirect",6271.82995893456,"Yellowstone County, MT (2024)","Value Added"
"Madison_MA","Induced",4239.76907039584,"Yellowstone County, MT (2024)","Value Added"
"Missoula","Indirect",53.8134086216792,"Yellowstone County, MT (2024)","Value Added"
"Missoula","Induced",567.402999404931,"Yellowstone County, MT (2024)","Value Added"
"Missoula_MA","Indirect",16.617704069844,"Yellowstone County, MT (2024)","Value Added"
"Missoula_MA","Induced",175.215348255313,"Yellowstone County, MT (2024)","Value Added"
"Park","Indirect",25946.0754808242,"Yellowstone County, MT (2024)","Value Added"
"Park","Induced",6403.90515381865,"Yellowstone County, MT (2024)","Value Added"
"Park_MA","Indirect",34515.5095998094,"Yellowstone County, MT (2024)","Value Added"
"Park_MA","Induced",8534.77365161904,"Yellowstone County, MT (2024)","Value Added"
"Ravalli","Indirect",49.4073407528749,"Yellowstone County, MT (2024)","Value Added"
"Ravalli","Induced",8.5611962545534,"Yellowstone County, MT (2024)","Value Added"
"Rest of MT","Indirect",7276.29215082256,"Yellowstone County, MT (2024)","Value Added"
"Rest of MT","Induced",4220.7845402442,"Yellowstone County, MT (2024)","Value Added"
"Rest of MT_MA","Indirect",265.12634726198,"Yellowstone County, MT (2024)","Value Added"
"Rest of MT_MA","Induced",218.828383600132,"Yellowstone County, MT (2024)","Value Added"
"Yellowstone","Direct",56192.6596131357,"Yellowstone County, MT (2024)","Value Added"
"Yellowstone","Indirect",41551.793841468,"Yellowstone County, MT (2024)","Value Added"
"Yellowstone","Induced",22680.1795481057,"Yellowstone County, MT (2024)","Value Added"
"Yellowstone_MA","Direct",508654.792414763,"Yellowstone County, MT (2024)","Value Added"
"Yellowstone_MA","Indirect",376236.306916116,"Yellowstone County, MT (2024)","Value Added"
"Yellowstone_MA","Induced",205440.469602105,"Yellowstone County, MT (2024)","Value Added"
